scenario_id,phenotype,pedestrian,dress,direction,distance,fog_density,total,passed,failed,pct,seed
0,A { pedestrian : Adult } wearing a {dress : Light} dress trying to cross road from { direction : LR } at { distance : Short } distance on a day with fog density {fog_density : 0},Adult,Light,LR,Short,0,5,5,0,100.0,42
1,A { pedestrian : Adult } wearing a {dress : Dark} dress trying to cross road from { direction : LR } at { distance : Short } distance on a day with fog density {fog_density : 0},Adult,Dark,LR,Short,0,5,5,0,100.0,43
2,A { pedestrian : Child } wearing a {dress : Light} dress trying to cross road from { direction : LR } at { distance : Short } distance on a day with fog density {fog_density : 0},Child,Light,LR,Short,0,5,5,0,100.0,44
3,A { pedestrian : Child } wearing a {dress : Dark} dress trying to cross road from { direction : LR } at { distance : Short } distance on a day with fog density {fog_density : 0},Child,Dark,LR,Short,0,5,4,1,80.0,45
4,A { pedestrian : Adult } wearing a {dress : Light} dress trying to cross road from { direction : LR } at { distance : Short } distance on a day with fog density {fog_density : 50},Adult,Light,LR,Short,50,5,5,0,100.0,46
5,A { pedestrian : Adult } wearing a {dress : Dark} dress trying to cross road from { direction : LR } at { distance : Short } distance on a day with fog density {fog_density : 50},Adult,Dark,LR,Short,50,5,4,1,80.0,47
6,A { pedestrian : Child } wearing a {dress : Light} dress trying to cross road from { direction : LR } at { distance : Short } distance on a day with fog density {fog_density : 50},Child,Light,LR,Short,50,5,4,1,80.0,48
7,A { pedestrian : Child } wearing a {dress : Dark} dress trying to cross road from { direction : LR } at { distance : Short } distance on a day with fog density {fog_density : 50},Child,Dark,LR,Short,50,5,5,0,100.0,49
8,A { pedestrian : Adult } wearing a {dress : Light} dress trying to cross road from { direction : LR } at { distance : Long } distance on a day with fog density {fog_density : 0},Adult,Light,LR,Long,0,5,5,0,100.0,50
9,A { pedestrian : Adult } wearing a {dress : Dark} dress trying to cross road from { direction : LR } at { distance : Long } distance on a day with fog density {fog_density : 0},Adult,Dark,LR,Long,0,5,5,0,100.0,51
10,A { pedestrian : Child } wearing a {dress : Light} dress trying to cross road from { direction : LR } at { distance : Long } distance on a day with fog density {fog_density : 0},Child,Light,LR,Long,0,5,4,1,80.0,52
11,A { pedestrian : Child } wearing a {dress : Dark} dress trying to cross road from { direction : LR } at { distance : Long } distance on a day with fog density {fog_density : 0},Child,Dark,LR,Long,0,5,5,0,100.0,53
12,A { pedestrian : Adult } wearing a {dress : Light} dress trying to cross road from { direction : LR } at { distance : Long } distance on a day with fog density {fog_density : 50},Adult,Light,LR,Long,50,5,5,0,100.0,54
13,A { pedestrian : Adult } wearing a {dress : Dark} dress trying to cross road from { direction : LR } at { distance : Long } distance on a day with fog density {fog_density : 50},Adult,Dark,LR,Long,50,5,5,0,100.0,55
14,A { pedestrian : Child } wearing a {dress : Light} dress trying to cross road from { direction : LR } at { distance : Long } distance on a day with fog density {fog_density : 50},Child,Light,LR,Long,50,5,5,0,100.0,56
15,A { pedestrian : Child } wearing a {dress : Dark} dress trying to cross road from { direction : LR } at { distance : Long } distance on a day with fog density {fog_density : 50},Child,Dark,LR,Long,50,5,5,0,100.0,57
16,A { pedestrian : Adult } wearing a {dress : Light} dress trying to cross road from { direction : RL } at { distance : Short } distance on a day with fog density {fog_density : 0},Adult,Light,RL,Short,0,5,5,0,100.0,58
17,A { pedestrian : Adult } wearing a {dress : Dark} dress trying to cross road from { direction : RL } at { distance : Short } distance on a day with fog density {fog_density : 0},Adult,Dark,RL,Short,0,5,5,0,100.0,59
18,A { pedestrian : Child } wearing a {dress : Light} dress trying to cross road from { direction : RL } at { distance : Short } distance on a day with fog density {fog_density : 0},Child,Light,RL,Short,0,5,5,0,100.0,60
19,A { pedestrian : Child } wearing a {dress : Dark} dress trying to cross road from { direction : RL } at { distance : Short } distance on a day with fog density {fog_density : 0},Child,Dark,RL,Short,0,5,5,0,100.0,61
20,A { pedestrian : Adult } wearing a {dress : Light} dress trying to cross road from { direction : RL } at { distance : Short } distance on a day with fog density {fog_density : 50},Adult,Light,RL,Short,50,5,5,0,100.0,62
21,A { pedestrian : Adult } wearing a {dress : Dark} dress trying to cross road from { direction : RL } at { distance : Short } distance on a day with fog density {fog_density : 50},Adult,Dark,RL,Short,50,5,5,0,100.0,63
22,A { pedestrian : Child } wearing a {dress : Light} dress trying to cross road from { direction : RL } at { distance : Short } distance on a day with fog density {fog_density : 50},Child,Light,RL,Short,50,5,5,0,100.0,64
23,A { pedestrian : Child } wearing a {dress : Dark} dress trying to cross road from { direction : RL } at { distance : Short } distance on a day with fog density {fog_density : 50},Child,Dark,RL,Short,50,5,5,0,100.0,65
24,A { pedestrian : Adult } wearing a {dress : Light} dress trying to cross road from { direction : RL } at { distance : Long } distance on a day with fog density {fog_density : 0},Adult,Light,RL,Long,0,5,5,0,100.0,66
25,A { pedestrian : Adult } wearing a {dress : Dark} dress trying to cross road from { direction : RL } at { distance : Long } distance on a day with fog density {fog_density : 0},Adult,Dark,RL,Long,0,5,5,0,100.0,67
26,A { pedestrian : Child } wearing a {dress : Light} dress trying to cross road from { direction : RL } at { distance : Long } distance on a day with fog density {fog_density : 0},Child,Light,RL,Long,0,5,5,0,100.0,68
27,A { pedestrian : Child } wearing a {dress : Dark} dress trying to cross road from { direction : RL } at { distance : Long } distance on a day with fog density {fog_density : 0},Child,Dark,RL,Long,0,5,5,0,100.0,69
28,A { pedestrian : Adult } wearing a {dress : Light} dress trying to cross road from { direction : RL } at { distance : Long } distance on a day with fog density {fog_density : 50},Adult,Light,RL,Long,50,5,5,0,100.0,70
29,A { pedestrian : Adult } wearing a {dress : Dark} dress trying to cross road from { direction : RL } at { distance : Long } distance on a day with fog density {fog_density : 50},Adult,Dark,RL,Long,50,5,5,0,100.0,71
30,A { pedestrian : Child } wearing a {dress : Light} dress trying to cross road from { direction : RL } at { distance : Long } distance on a day with fog density {fog_density : 50},Child,Light,RL,Long,50,5,5,0,100.0,72
31,A { pedestrian : Child } wearing a {dress : Dark} dress trying to cross road from { direction : RL } at { distance : Long } distance on a day with fog density {fog_density : 50},Child,Dark,RL,Long,50,5,5,0,100.0,73
