run_id,scenario_id,sim_index,phenotype,pedestrian,dress,direction,distance,fog_density,pedestrian_blueprint,braking_mode,yolo_model,seed,passed,rho,min_distance_m,min_distance_step,ego_speed_at_min_distance,steps,timestep_s,duration_s,termination,ego_speed_max,ego_speed_final,stopped,frames_seen,detection_frames,max_confidence,first_detection_step,first_detection_conf,first_detection_distance_m,ego_speed_at_first_detection,mean_inference_ms,first_brake_step,first_brake_distance_m,ego_speed_at_first_brake,brake_steps,reaction_steps,recorded_at
882fb2fe00bf4568bdb480a281db9e8b,0,0,A { pedestrian : Adult } wearing a {dress : Light} dress trying to cross road from { direction : LR } at { distance : Short } distance on a day with fog density {fog_density : 0},Adult,Light,LR,Short,0,walker.pedestrian.0008,proportional_braking,yolov5s,42,True,8.996287912236411,13.996287912236411,23,1.36935580850002e-06,101,0.1,10.100000000000001,reached time limit (100 steps),4.393703319681149,1.1067155640085748e-06,True,100,0,0.7259151339530945,,,,,8.486456871032715,8,19.947229423018086,4.057633596353681,91,,2026-09-23T20:44:04.400645+00:00
882fb2fe00bf4568bdb480a281db9e8b,0,1,A { pedestrian : Adult } wearing a {dress : Light} dress trying to cross road from { direction : LR } at { distance : Short } distance on a day with fog density {fog_density : 0},Adult,Light,LR,Short,0,walker.pedestrian.0008,proportional_braking,yolov5s,42,True,2.7251733569759473,7.725173356975947,20,0.0005586410917696966,68,0.1,6.800000000000001,termination condition on line 128,7.848941112608154,6.961825536114438,False,67,13,0.9072957634925842,21,0.8635561466217041,7.727405672441625,0.0004417785990631036,6.871145163009416,0,21.919716539767066,1.9600002765655518,21,-21,2026-09-23T20:44:08.296551+00:00
882fb2fe00bf4568bdb480a281db9e8b,0,2,A { pedestrian : Adult } wearing a {dress : Light} dress trying to cross road from { direction : LR } at { distance : Short } distance on a day with fog density {fog_density : 0},Adult,Light,LR,Short,0,walker.pedestrian.0008,proportional_braking,yolov5s,42,True,3.7209172098545,8.7209172098545,31,4.498250480869759e-07,101,0.1,10.100000000000001,reached time limit (100 steps),6.009437236550849,9.538178817472205e-08,True,100,0,0.8367305994033813,,,,,7.081859111785889,0,21.38290248242732,1.9600002765655518,83,,2026-09-23T20:44:14.424086+00:00
882fb2fe00bf4568bdb480a281db9e8b,0,3,A { pedestrian : Adult } wearing a {dress : Light} dress trying to cross road from { direction : LR } at { distance : Short } distance on a day with fog density {fog_density : 0},Adult,Light,LR,Short,0,walker.pedestrian.0008,proportional_braking,yolov5s,42,True,6.650068554289788,11.650068554289788,26,1.886831741405309e-06,101,0.1,10.100000000000001,reached time limit (100 steps),5.118681926194893,4.017915478229808e-07,True,100,0,0.7806075215339661,,,,,7.119591236114502,0,22.14503861076009,1.9600002765655518,87,,2026-09-23T20:44:21.532489+00:00
882fb2fe00bf4568bdb480a281db9e8b,0,4,A { pedestrian : Adult } wearing a {dress : Light} dress trying to cross road from { direction : LR } at { distance : Short } distance on a day with fog density {fog_density : 0},Adult,Light,LR,Short,0,walker.pedestrian.0008,proportional_braking,yolov5s,42,True,8.571486740729197,13.571486740729197,0,1.9600002765655518,29,0.1,2.9000000000000004,termination condition on line 128,7.822081274709049,7.622529793362098,False,28,0,0.3814002573490143,,,,,7.27003812789917,11,17.38565804382595,5.1087108421663014,1,,2026-09-23T20:44:23.306363+00:00
882fb2fe00bf4568bdb480a281db9e8b,1,0,A { pedestrian : Adult } wearing a {dress : Dark} dress trying to cross road from { direction : LR } at { distance : Short } distance on a day with fog density {fog_density : 0},Adult,Dark,LR,Short,0,walker.pedestrian.0007,proportional_braking,yolov5s,43,True,11.451309024673918,16.451309024673918,42,2.6835230526211206e-07,101,0.1,10.100000000000001,reached time limit (100 steps),3.0138230486867026,9.161922394203695e-08,True,100,0,0.5942314267158508,,,,,7.027139663696289,0,22.96874187938683,1.9600002765655518,91,,2026-09-23T20:46:46.865558+00:00
882fb2fe00bf4568bdb480a281db9e8b,1,1,A { pedestrian : Adult } wearing a {dress : Dark} dress trying to cross road from { direction : LR } at { distance : Short } distance on a day with fog density {fog_density : 0},Adult,Dark,LR,Short,0,walker.pedestrian.0007,proportional_braking,yolov5s,43,True,15.148781275127291,20.14878127512729,0,1.9600002765655518,101,0.1,10.100000000000001,reached time limit (100 steps),1.9600002765655518,6.960494942137816e-10,True,100,0,0.6294421553611755,,,,,7.274694442749023,0,20.14878127512729,1.9600002765655518,99,,2026-09-23T20:46:53.010302+00:00
882fb2fe00bf4568bdb480a281db9e8b,1,2,A { pedestrian : Adult } wearing a {dress : Dark} dress trying to cross road from { direction : LR } at { distance : Short } distance on a day with fog density {fog_density : 0},Adult,Dark,LR,Short,0,walker.pedestrian.0007,proportional_braking,yolov5s,43,True,5.2235362641457215,10.223536264145721,28,2.161070356462214e-06,101,0.1,10.100000000000001,reached time limit (100 steps),5.140873261312073,2.289111722276529e-06,True,100,0,0.8168118000030518,,,,,13.863322734832764,0,23.50529814499003,1.9600002765655518,85,,2026-09-23T20:47:04.117303+00:00
882fb2fe00bf4568bdb480a281db9e8b,1,3,A { pedestrian : Adult } wearing a {dress : Dark} dress trying to cross road from { direction : LR } at { distance : Short } distance on a day with fog density {fog_density : 0},Adult,Dark,LR,Short,0,walker.pedestrian.0007,proportional_braking,yolov5s,43,True,10.12845451872938,15.12845451872938,24,1.933171996044558e-06,101,0.1,10.100000000000001,reached time limit (100 steps),4.725267546684762,8.584355548303725e-07,True,100,78,0.8679243922233582,22,0.8552507162094116,15.128456956479777,1.9101489510322854e-06,13.918564319610596,6,21.923438643267385,2.978451344833081,91,-16,2026-09-23T20:47:14.076636+00:00
882fb2fe00bf4568bdb480a281db9e8b,1,4,A { pedestrian : Adult } wearing a {dress : Dark} dress trying to cross road from { direction : LR } at { distance : Short } distance on a day with fog density {fog_density : 0},Adult,Dark,LR,Short,0,walker.pedestrian.0007,proportional_braking,yolov5s,43,True,3.8046792386161794,8.80467923861618,25,1.865433349582522e-06,101,0.1,10.100000000000001,reached time limit (100 steps),5.897356049806372,2.098136790003335e-07,True,100,0,0.8340282440185547,,,,,9.696171283721924,14,13.594307931207519,5.701465147317451,85,,2026-09-23T20:47:24.907641+00:00
882fb2fe00bf4568bdb480a281db9e8b,2,0,A { pedestrian : Child } wearing a {dress : Light} dress trying to cross road from { direction : LR } at { distance : Short } distance on a day with fog density {fog_density : 0},Child,Light,LR,Short,0,walker.pedestrian.0048,proportional_braking,yolov5s,44,True,3.4015826586496924,8.401582658649692,28,1.0222572071692349e-06,101,0.1,10.100000000000001,reached time limit (100 steps),6.18080742234098,1.9115227419977023e-08,True,100,29,0.8666626214981079,40,0.8570942282676697,8.401582658649692,3.118192289054631e-10,7.17909574508667,16,11.69338335626136,6.18080742234098,84,-24,2026-09-23T20:49:48.058281+00:00
882fb2fe00bf4568bdb480a281db9e8b,2,1,A { pedestrian : Child } wearing a {dress : Light} dress trying to cross road from { direction : LR } at { distance : Short } distance on a day with fog density {fog_density : 0},Child,Light,LR,Short,0,walker.pedestrian.0048,proportional_braking,yolov5s,44,True,0.6482577321793679,5.648257732179368,22,1.438963039191743,101,0.1,10.100000000000001,reached time limit (100 steps),6.432686206545856,1.9078304400562435e-08,True,100,22,0.8631971478462219,22,0.8516679406166077,5.648257732179368,1.438963039191743,6.882565021514893,12,16.431677832238094,5.14295876752423,82,-10,2026-09-23T20:49:53.751698+00:00
882fb2fe00bf4568bdb480a281db9e8b,2,2,A { pedestrian : Child } wearing a {dress : Light} dress trying to cross road from { direction : LR } at { distance : Short } distance on a day with fog density {fog_density : 0},Child,Light,LR,Short,0,walker.pedestrian.0048,proportional_braking,yolov5s,44,True,16.157930191239505,21.157930191239505,0,1.9600002765655518,101,0.1,10.100000000000001,reached time limit (100 steps),1.9600002765655518,0.0,True,100,0,0.6027275919914246,,,,,6.932971477508545,0,21.157930191239505,1.9600002765655518,100,,2026-09-23T20:49:59.610149+00:00
882fb2fe00bf4568bdb480a281db9e8b,2,3,A { pedestrian : Child } wearing a {dress : Light} dress trying to cross road from { direction : LR } at { distance : Short } distance on a day with fog density {fog_density : 0},Child,Light,LR,Short,0,walker.pedestrian.0048,proportional_braking,yolov5s,44,True,1.3762376619207908,6.376237661920791,28,9.964954454536505e-05,69,0.1,6.9,termination condition on line 128,7.849031726925471,7.161812416006731,False,68,13,0.9086782336235046,25,0.855623722076416,6.8901849730943825,2.6402600237889033,6.711879197288962,0,24.666977748624028,1.9600002765655518,25,-25,2026-09-23T20:50:03.459798+00:00
882fb2fe00bf4568bdb480a281db9e8b,2,4,A { pedestrian : Child } wearing a {dress : Light} dress trying to cross road from { direction : LR } at { distance : Short } distance on a day with fog density {fog_density : 0},Child,Light,LR,Short,0,walker.pedestrian.0048,proportional_braking,yolov5s,44,True,11.155482900118152,16.15548290011815,56,6.016229355470296e-07,101,0.1,10.100000000000001,reached time limit (100 steps),4.501613156159987,1.9078606294622893e-08,True,100,0,0.6978651881217957,,,,,6.9007039070129395,9,20.907304657892066,4.501613156159987,90,,2026-09-23T20:50:08.912727+00:00
882fb2fe00bf4568bdb480a281db9e8b,3,0,A { pedestrian : Child } wearing a {dress : Dark} dress trying to cross road from { direction : LR } at { distance : Short } distance on a day with fog density {fog_density : 0},Child,Dark,LR,Short,0,walker.pedestrian.0013,proportional_braking,yolov5s,45,True,10.27689245084591,15.27689245084591,14,9.978178504305108e-07,101,0.1,10.100000000000001,reached time limit (100 steps),1.9600002765655518,2.56442714041696e-07,True,100,0,0.4817003309726715,,,,,11.093640327453613,2,15.360932269017473,0.6522871633746793,96,,2026-09-23T20:52:36.545788+00:00
882fb2fe00bf4568bdb480a281db9e8b,3,1,A { pedestrian : Child } wearing a {dress : Dark} dress trying to cross road from { direction : LR } at { distance : Short } distance on a day with fog density {fog_density : 0},Child,Dark,LR,Short,0,walker.pedestrian.0013,proportional_braking,yolov5s,45,False,-2.4108045534090645,2.5891954465909355,36,3.560296803936327,60,0.1,6.0,termination condition on line 128,7.84902321897388,6.94842406189665,False,59,1,0.8842074275016785,28,0.8842074275016785,5.120295845198506,5.072879049462806e-07,10.742106680142678,12,14.535524727500409,5.160460999239314,15,-16,2026-09-23T20:52:41.302587+00:00
882fb2fe00bf4568bdb480a281db9e8b,3,2,A { pedestrian : Child } wearing a {dress : Dark} dress trying to cross road from { direction : LR } at { distance : Short } distance on a day with fog density {fog_density : 0},Child,Dark,LR,Short,0,walker.pedestrian.0013,proportional_braking,yolov5s,45,True,6.079356525508482,11.079356525508482,30,3.97707730180359e-06,101,0.1,10.100000000000001,reached time limit (100 steps),4.629736204505117,3.814704760720151e-08,True,100,0,0.7526414394378662,,,,,11.079370975494385,4,23.068008656805045,1.8022593118277244,88,,2026-09-23T20:52:48.688961+00:00
882fb2fe00bf4568bdb480a281db9e8b,3,3,A { pedestrian : Child } wearing a {dress : Dark} dress trying to cross road from { direction : LR } at { distance : Short } distance on a day with fog density {fog_density : 0},Child,Dark,LR,Short,0,walker.pedestrian.0013,proportional_braking,yolov5s,45,True,13.365054056979911,18.36505405697991,0,1.9600002765655518,30,0.1,3.0,termination condition on line 128,7.671634645532684,7.352869887374158,False,29,0,0.0,,,,,9.696253414811759,,,,0,,2026-09-23T20:52:51.598155+00:00
882fb2fe00bf4568bdb480a281db9e8b,3,4,A { pedestrian : Child } wearing a {dress : Dark} dress trying to cross road from { direction : LR } at { distance : Short } distance on a day with fog density {fog_density : 0},Child,Dark,LR,Short,0,walker.pedestrian.0013,proportional_braking,yolov5s,45,True,9.979550677215338,14.979550677215338,20,0.0,101,0.1,10.100000000000001,reached time limit (100 steps),3.011548388353354,7.629783724396472e-08,True,100,0,0.6522043347358704,,,,,10.876970291137695,6,19.42655175054993,3.011548388353354,92,,2026-09-23T20:53:00.309495+00:00
882fb2fe00bf4568bdb480a281db9e8b,4,0,A { pedestrian : Adult } wearing a {dress : Light} dress trying to cross road from { direction : LR } at { distance : Short } distance on a day with fog density {fog_density : 50},Adult,Light,LR,Short,50,walker.pedestrian.0008,proportional_braking,yolov5s,46,True,10.517880153849122,15.517880153849122,20,7.788860291866763e-07,101,0.1,10.100000000000001,reached time limit (100 steps),5.050207902220655,9.17972190541047e-08,True,100,0,0.7351917624473572,,,,,6.7586588859558105,11,16.948921146053006,5.050207902220655,89,,2026-09-23T20:55:23.608953+00:00
882fb2fe00bf4568bdb480a281db9e8b,4,1,A { pedestrian : Adult } wearing a {dress : Light} dress trying to cross road from { direction : LR } at { distance : Short } distance on a day with fog density {fog_density : 50},Adult,Light,LR,Short,50,walker.pedestrian.0008,proportional_braking,yolov5s,46,True,3.567022687077051,8.567022687077051,27,9.481929865332762e-07,101,0.1,10.100000000000001,reached time limit (100 steps),6.029190108805334,1.2398005430136084e-07,True,100,0,0.8064277172088623,,,,,6.833047866821289,15,12.712702865752787,6.029190108805334,84,,2026-09-23T20:55:29.140593+00:00
882fb2fe00bf4568bdb480a281db9e8b,4,2,A { pedestrian : Adult } wearing a {dress : Light} dress trying to cross road from { direction : LR } at { distance : Short } distance on a day with fog density {fog_density : 50},Adult,Light,LR,Short,50,walker.pedestrian.0008,proportional_braking,yolov5s,46,True,8.607574022763684,13.607574022763684,25,1.330835950522042e-06,101,0.1,10.100000000000001,reached time limit (100 steps),5.723081360483587,1.4260384408967964e-06,True,100,0,0.8206728100776672,,,,,6.777498722076416,14,15.699985228183396,5.723081360483587,86,,2026-09-23T20:55:33.707761+00:00
882fb2fe00bf4568bdb480a281db9e8b,4,3,A { pedestrian : Adult } wearing a {dress : Light} dress trying to cross road from { direction : LR } at { distance : Short } distance on a day with fog density {fog_density : 50},Adult,Light,LR,Short,50,walker.pedestrian.0008,proportional_braking,yolov5s,46,True,12.377497521685108,17.377497521685108,0,1.9600002765655518,29,0.1,2.9000000000000004,termination condition on line 128,7.755440783458471,7.233277699687429,False,28,0,0.0,,,,,6.932369300297329,,,,0,,2026-09-23T20:55:35.299167+00:00
882fb2fe00bf4568bdb480a281db9e8b,4,4,A { pedestrian : Adult } wearing a {dress : Light} dress trying to cross road from { direction : LR } at { distance : Short } distance on a day with fog density {fog_density : 50},Adult,Light,LR,Short,50,walker.pedestrian.0008,proportional_braking,yolov5s,46,True,5.7616867804029965,10.761686780402997,26,6.194003684013955e-07,101,0.1,10.100000000000001,reached time limit (100 steps),5.148763876201853,4.386902591076123e-07,True,100,0,0.8287206888198853,,,,,6.777892112731934,3,20.398687511743073,1.2531723005068933,85,,2026-09-23T20:55:41.152422+00:00
882fb2fe00bf4568bdb480a281db9e8b,5,0,A { pedestrian : Adult } wearing a {dress : Dark} dress trying to cross road from { direction : LR } at { distance : Short } distance on a day with fog density {fog_density : 50},Adult,Dark,LR,Short,50,walker.pedestrian.0007,proportional_braking,yolov5s,47,False,-0.2031467120508772,4.796853287949123,26,0.18925816971847004,81,0.1,8.1,termination condition on line 128,7.8448879287512305,7.100475683216581,False,80,27,0.9369581937789917,12,0.8568792939186096,13.462783243999386,3.8793204172470026,7.017338275909424,10,14.970133317854657,4.968892166751176,32,-2,2026-09-23T20:58:03.788284+00:00
882fb2fe00bf4568bdb480a281db9e8b,5,1,A { pedestrian : Adult } wearing a {dress : Dark} dress trying to cross road from { direction : LR } at { distance : Short } distance on a day with fog density {fog_density : 50},Adult,Dark,LR,Short,50,walker.pedestrian.0007,proportional_braking,yolov5s,47,True,18.32236493163081,23.32236493163081,55,9.294597795178202e-07,101,0.1,10.100000000000001,reached time limit (100 steps),1.9600002765655518,4.196166987303642e-07,True,100,0,0.6228758096694946,,,,,6.995208263397217,0,24.49355563169919,1.9600002765655518,94,,2026-09-23T20:58:09.963149+00:00
882fb2fe00bf4568bdb480a281db9e8b,5,2,A { pedestrian : Adult } wearing a {dress : Dark} dress trying to cross road from { direction : LR } at { distance : Short } distance on a day with fog density {fog_density : 50},Adult,Dark,LR,Short,50,walker.pedestrian.0007,proportional_braking,yolov5s,47,True,9.301747526465904,14.301747526465904,21,1.423667461151918e-06,101,0.1,10.100000000000001,reached time limit (100 steps),5.071112051941217,1.4460726841164332e-06,True,100,12,0.8519940972328186,19,0.8506172299385071,14.301749610113863,8.209237930472697e-07,10.144670009613037,11,15.237388988592748,5.071112051941217,89,-8,2026-09-23T20:58:24.431525+00:00
882fb2fe00bf4568bdb480a281db9e8b,5,3,A { pedestrian : Adult } wearing a {dress : Dark} dress trying to cross road from { direction : LR } at { distance : Short } distance on a day with fog density {fog_density : 50},Adult,Dark,LR,Short,50,walker.pedestrian.0007,proportional_braking,yolov5s,47,True,8.830949128923661,13.830949128923661,18,5.714463038706314e-06,101,0.1,10.100000000000001,reached time limit (100 steps),5.052662093985329,1.629868537829874e-06,True,100,0,0.8232877254486084,,,,,11.325290203094482,11,15.192180100737337,5.052662093985329,89,,2026-09-23T20:58:32.299361+00:00
882fb2fe00bf4568bdb480a281db9e8b,5,4,A { pedestrian : Adult } wearing a {dress : Dark} dress trying to cross road from { direction : LR } at { distance : Short } distance on a day with fog density {fog_density : 50},Adult,Dark,LR,Short,50,walker.pedestrian.0007,proportional_braking,yolov5s,47,True,19.04468005618549,24.04468005618549,0,1.9600002765655518,101,0.1,10.100000000000001,reached time limit (100 steps),1.9600002765655518,9.536760174486142e-08,True,100,0,0.427792489528656,,,,,11.890296936035156,2,24.127442359159055,0.6719606280660513,93,,2026-09-23T20:58:40.739264+00:00
882fb2fe00bf4568bdb480a281db9e8b,6,0,A { pedestrian : Child } wearing a {dress : Light} dress trying to cross road from { direction : LR } at { distance : Short } distance on a day with fog density {fog_density : 50},Child,Light,LR,Short,50,walker.pedestrian.0048,proportional_braking,yolov5s,48,True,4.600342173354132,9.600342173354132,22,5.472515933298358e-06,101,0.1,10.100000000000001,reached time limit (100 steps),5.7007362170536515,2.7741958014162715e-09,True,100,0,0.8141452074050903,,,,,6.871817111968994,14,12.106313316660074,5.7007362170536515,86,,2026-09-23T21:01:02.809420+00:00
882fb2fe00bf4568bdb480a281db9e8b,6,1,A { pedestrian : Child } wearing a {dress : Light} dress trying to cross road from { direction : LR } at { distance : Short } distance on a day with fog density {fog_density : 50},Child,Light,LR,Short,50,walker.pedestrian.0048,proportional_braking,yolov5s,48,True,15.317780171191881,20.31778017119188,11,2.155687669149659e-06,101,0.1,10.100000000000001,reached time limit (100 steps),1.9600002765655518,9.636552454329763e-07,True,100,0,0.6451427936553955,,,,,6.8111443519592285,2,20.32784111827796,0.6916977979970571,98,,2026-09-23T21:01:07.314699+00:00
882fb2fe00bf4568bdb480a281db9e8b,6,2,A { pedestrian : Child } wearing a {dress : Light} dress trying to cross road from { direction : LR } at { distance : Short } distance on a day with fog density {fog_density : 50},Child,Light,LR,Short,50,walker.pedestrian.0048,proportional_braking,yolov5s,48,True,19.434279225258855,24.434279225258855,0,1.9600002765655518,22,0.1,2.2,termination condition on line 128,6.528858377307188,6.528858377307188,False,21,0,0.0,,,,,6.709178288777669,,,,0,,2026-09-23T21:01:08.615782+00:00
882fb2fe00bf4568bdb480a281db9e8b,6,3,A { pedestrian : Child } wearing a {dress : Light} dress trying to cross road from { direction : LR } at { distance : Short } distance on a day with fog density {fog_density : 50},Child,Light,LR,Short,50,walker.pedestrian.0048,proportional_braking,yolov5s,48,True,3.570838741742673,8.570838741742673,45,7.928203321199046e-07,101,0.1,10.100000000000001,reached time limit (100 steps),4.648643181361883,1.9079389119835214e-08,True,100,0,0.8412085175514221,,,,,7.222480773925781,0,22.654211675377415,1.9600002765655518,84,,2026-09-23T21:01:14.311230+00:00
882fb2fe00bf4568bdb480a281db9e8b,6,4,A { pedestrian : Child } wearing a {dress : Light} dress trying to cross road from { direction : LR } at { distance : Short } distance on a day with fog density {fog_density : 50},Child,Light,LR,Short,50,walker.pedestrian.0048,proportional_braking,yolov5s,48,False,-0.4749381732733866,4.525061826726613,25,4.551685005487943e-05,65,0.1,6.5,termination condition on line 128,7.292894355825657,5.639447415380845,False,64,11,0.9223606586456299,20,0.8614221811294556,6.434642557956526,6.897551506152109,7.026750594377518,19,7.836195850221278,7.176382697897571,19,-1,2026-09-23T21:01:17.599854+00:00
882fb2fe00bf4568bdb480a281db9e8b,7,0,A { pedestrian : Child } wearing a {dress : Dark} dress trying to cross road from { direction : LR } at { distance : Short } distance on a day with fog density {fog_density : 50},Child,Dark,LR,Short,50,walker.pedestrian.0013,proportional_braking,yolov5s,49,True,4.92901862424846,9.92901862424846,25,1.0299837728829936e-06,101,0.1,10.100000000000001,reached time limit (100 steps),5.167300053646477,9.537762007088351e-08,True,100,0,0.7931571006774902,,,,,6.9942498207092285,12,14.963798200426988,5.167300053646477,88,,2026-09-23T21:03:42.918570+00:00
882fb2fe00bf4568bdb480a281db9e8b,7,1,A { pedestrian : Child } wearing a {dress : Dark} dress trying to cross road from { direction : LR } at { distance : Short } distance on a day with fog density {fog_density : 50},Child,Dark,LR,Short,50,walker.pedestrian.0013,proportional_braking,yolov5s,49,True,7.818082610113688,12.818082610113688,25,3.0857669653250283e-07,101,0.1,10.100000000000001,reached time limit (100 steps),4.974715562306664,3.814700428059214e-08,True,100,0,0.7236754894256592,,,,,6.953368186950684,10,17.76581973170572,4.974715562306664,90,,2026-09-23T21:03:48.153821+00:00
882fb2fe00bf4568bdb480a281db9e8b,7,2,A { pedestrian : Child } wearing a {dress : Dark} dress trying to cross road from { direction : LR } at { distance : Short } distance on a day with fog density {fog_density : 50},Child,Dark,LR,Short,50,walker.pedestrian.0013,proportional_braking,yolov5s,49,True,7.4159961682223,12.4159961682223,28,6.156102727628735e-07,101,0.1,10.100000000000001,reached time limit (100 steps),4.61893701625099,9.554744303540286e-09,True,100,0,0.8248628377914429,,,,,7.080376148223877,8,21.19807651134325,4.0597159644062115,88,,2026-09-23T21:03:53.964779+00:00
882fb2fe00bf4568bdb480a281db9e8b,7,3,A { pedestrian : Child } wearing a {dress : Dark} dress trying to cross road from { direction : LR } at { distance : Short } distance on a day with fog density {fog_density : 50},Child,Dark,LR,Short,50,walker.pedestrian.0013,proportional_braking,yolov5s,49,True,19.768644414042164,24.768644414042164,0,1.9600002765655518,22,0.1,2.2,termination condition on line 128,6.593514254158057,6.386378714214695,False,21,0,0.3337397277355194,,,,,6.671667098999023,0,24.768644414042164,1.9600002765655518,1,,2026-09-23T21:03:55.191553+00:00
882fb2fe00bf4568bdb480a281db9e8b,7,4,A { pedestrian : Child } wearing a {dress : Dark} dress trying to cross road from { direction : LR } at { distance : Short } distance on a day with fog density {fog_density : 50},Child,Dark,LR,Short,50,walker.pedestrian.0013,proportional_braking,yolov5s,49,True,5.238437718182874,10.238437718182874,26,2.662488686679231e-06,101,0.1,10.100000000000001,reached time limit (100 steps),4.791404629166306,2.5558657867907804e-06,True,100,0,0.7756345868110657,,,,,7.06113338470459,9,16.8504188203036,4.327907080820058,89,,2026-09-23T21:04:00.889414+00:00
882fb2fe00bf4568bdb480a281db9e8b,8,0,A { pedestrian : Adult } wearing a {dress : Light} dress trying to cross road from { direction : LR } at { distance : Long } distance on a day with fog density {fog_density : 0},Adult,Light,LR,Long,0,walker.pedestrian.0008,proportional_braking,yolov5s,50,True,18.7050377600681,23.7050377600681,0,1.9600002765655518,101,0.1,10.100000000000001,reached time limit (100 steps),1.9600002765655518,0.0,True,100,0,0.6989314556121826,,,,,7.277488708496094,0,23.7050377600681,1.9600002765655518,100,,2026-09-23T21:06:28.241902+00:00
882fb2fe00bf4568bdb480a281db9e8b,8,1,A { pedestrian : Adult } wearing a {dress : Light} dress trying to cross road from { direction : LR } at { distance : Long } distance on a day with fog density {fog_density : 0},Adult,Light,LR,Long,0,walker.pedestrian.0008,proportional_braking,yolov5s,50,True,4.930841903176793,9.930841903176793,31,7.575114266468125e-07,101,0.1,10.100000000000001,reached time limit (100 steps),6.222236493252599,2.384502154835705e-07,True,100,0,0.8411044478416443,,,,,7.1976518630981445,1,23.366463823533717,0.2765424181492785,84,,2026-09-23T21:06:35.347899+00:00
882fb2fe00bf4568bdb480a281db9e8b,8,2,A { pedestrian : Adult } wearing a {dress : Light} dress trying to cross road from { direction : LR } at { distance : Long } distance on a day with fog density {fog_density : 0},Adult,Light,LR,Long,0,walker.pedestrian.0008,proportional_braking,yolov5s,50,True,18.304204372830608,23.304204372830608,0,1.9600002765655518,101,0.1,10.100000000000001,reached time limit (100 steps),1.9600002765655518,2.7538832044920616e-07,True,100,0,0.7086018919944763,,,,,10.015316009521484,0,23.304204372830608,1.9600002765655518,99,,2026-09-23T21:06:41.797426+00:00
882fb2fe00bf4568bdb480a281db9e8b,8,3,A { pedestrian : Adult } wearing a {dress : Light} dress trying to cross road from { direction : LR } at { distance : Long } distance on a day with fog density {fog_density : 0},Adult,Light,LR,Long,0,walker.pedestrian.0008,proportional_braking,yolov5s,50,True,9.526994858202901,14.526994858202901,0,1.9600002765655518,27,0.1,2.7,termination condition on line 128,7.981166147245851,7.515853104309744,False,26,0,0.2759861350059509,,,,,10.021796593299278,,,,0,,2026-09-23T21:06:43.775772+00:00
882fb2fe00bf4568bdb480a281db9e8b,8,4,A { pedestrian : Adult } wearing a {dress : Light} dress trying to cross road from { direction : LR } at { distance : Long } distance on a day with fog density {fog_density : 0},Adult,Light,LR,Long,0,walker.pedestrian.0008,proportional_braking,yolov5s,50,True,14.662477449733675,19.662477449733675,75,1.9153455090053208e-05,101,0.1,10.100000000000001,reached time limit (100 steps),3.2940316796779294,1.752861316992165e-06,True,100,0,0.8118002414703369,,,,,9.967751502990723,7,21.225554847607693,3.274345067820649,89,,2026-09-23T21:06:50.547112+00:00
882fb2fe00bf4568bdb480a281db9e8b,9,0,A { pedestrian : Adult } wearing a {dress : Dark} dress trying to cross road from { direction : LR } at { distance : Long } distance on a day with fog density {fog_density : 0},Adult,Dark,LR,Long,0,walker.pedestrian.0007,proportional_braking,yolov5s,51,True,16.972265991023825,21.972265991023825,0,1.9600002765655518,101,0.1,10.100000000000001,reached time limit (100 steps),1.9600002765655518,0.0,True,100,0,0.7204657196998596,,,,,9.569447040557861,0,21.972265991023825,1.9600002765655518,100,,2026-09-23T21:09:16.736967+00:00
882fb2fe00bf4568bdb480a281db9e8b,9,1,A { pedestrian : Adult } wearing a {dress : Dark} dress trying to cross road from { direction : LR } at { distance : Long } distance on a day with fog density {fog_density : 0},Adult,Dark,LR,Long,0,walker.pedestrian.0007,proportional_braking,yolov5s,51,True,13.25948568488226,18.25948568488226,46,1.7856339448627833e-06,101,0.1,10.100000000000001,reached time limit (100 steps),2.2892660788314565,1.8121113051258108e-07,True,100,0,0.7660744190216064,,,,,8.933613300323486,0,21.185128657732225,1.9600002765655518,94,,2026-09-23T21:09:26.722114+00:00
882fb2fe00bf4568bdb480a281db9e8b,9,2,A { pedestrian : Adult } wearing a {dress : Dark} dress trying to cross road from { direction : LR } at { distance : Long } distance on a day with fog density {fog_density : 0},Adult,Dark,LR,Long,0,walker.pedestrian.0007,proportional_braking,yolov5s,51,True,7.117431982345188,12.117431982345188,88,1.7708863441540542e-07,101,0.1,10.100000000000001,reached time limit (100 steps),4.568501049332326,9.59975385748404e-09,True,100,0,0.7427517771720886,,,,,8.86415958404541,0,21.748556947097352,1.9600002765655518,84,,2026-09-23T21:09:36.968853+00:00
882fb2fe00bf4568bdb480a281db9e8b,9,3,A { pedestrian : Adult } wearing a {dress : Dark} dress trying to cross road from { direction : LR } at { distance : Long } distance on a day with fog density {fog_density : 0},Adult,Dark,LR,Long,0,walker.pedestrian.0007,proportional_braking,yolov5s,51,True,17.869630014721576,22.869630014721576,0,1.9600002765655518,101,0.1,10.100000000000001,reached time limit (100 steps),1.9600002765655518,0.006259612504205061,True,100,0,0.2772957682609558,,,,,9.01543140411377,,,,0,,2026-09-23T21:09:46.956438+00:00
882fb2fe00bf4568bdb480a281db9e8b,9,4,A { pedestrian : Adult } wearing a {dress : Dark} dress trying to cross road from { direction : LR } at { distance : Long } distance on a day with fog density {fog_density : 0},Adult,Dark,LR,Long,0,walker.pedestrian.0007,proportional_braking,yolov5s,51,True,10.083774829686485,15.083774829686485,0,1.9600002765655518,28,0.1,2.8000000000000003,termination condition on line 128,7.83337099340139,7.483411145463022,False,27,0,0.2943861186504364,,,,,9.066608217027452,,,,0,,2026-09-23T21:09:49.902508+00:00
882fb2fe00bf4568bdb480a281db9e8b,10,0,A { pedestrian : Child } wearing a {dress : Light} dress trying to cross road from { direction : LR } at { distance : Long } distance on a day with fog density {fog_density : 0},Child,Light,LR,Long,0,walker.pedestrian.0048,proportional_braking,yolov5s,52,True,11.222520247947095,16.222520247947095,35,6.043709707436735e-07,101,0.1,10.100000000000001,reached time limit (100 steps),5.105261540165276,3.8148758810756785e-08,True,100,0,0.5744839310646057,,,,,7.1601176261901855,0,24.171274641167464,1.9600002765655518,87,,2026-09-23T21:12:15.758270+00:00
882fb2fe00bf4568bdb480a281db9e8b,10,1,A { pedestrian : Child } wearing a {dress : Light} dress trying to cross road from { direction : LR } at { distance : Long } distance on a day with fog density {fog_density : 0},Child,Light,LR,Long,0,walker.pedestrian.0048,proportional_braking,yolov5s,52,True,9.111122056331183,14.111122056331183,0,1.9600002765655518,27,0.1,2.7,termination condition on line 128,7.82817546975967,7.52821579426357,False,26,0,0.0,,,,,7.285915888272799,,,,0,,2026-09-23T21:12:18.440452+00:00
882fb2fe00bf4568bdb480a281db9e8b,10,2,A { pedestrian : Child } wearing a {dress : Light} dress trying to cross road from { direction : LR } at { distance : Long } distance on a day with fog density {fog_density : 0},Child,Light,LR,Long,0,walker.pedestrian.0048,proportional_braking,yolov5s,52,False,-0.2261881934888743,4.773811806511126,26,2.2139869504478867e-05,62,0.1,6.2,termination condition on line 128,7.8491774402763985,7.33499841648839,False,61,12,0.9296002984046936,21,0.8786774277687073,5.910428630543244,6.187155159908813,6.82183171882004,19,8.575851701319381,7.160182253463206,16,-2,2026-09-23T21:12:22.917676+00:00
882fb2fe00bf4568bdb480a281db9e8b,10,3,A { pedestrian : Child } wearing a {dress : Light} dress trying to cross road from { direction : LR } at { distance : Long } distance on a day with fog density {fog_density : 0},Child,Light,LR,Long,0,walker.pedestrian.0048,proportional_braking,yolov5s,52,True,0.19319993417988268,5.193199934179883,47,5.173021423872375,64,0.1,6.4,termination condition on line 128,7.849147103621214,7.119686381615492,False,63,1,0.8733134269714355,24,0.8733134269714355,6.573375465870572,0.0003945826064219801,6.902709839836,0,24.30462300566938,1.9600002765655518,18,-24,2026-09-23T21:12:26.359064+00:00
882fb2fe00bf4568bdb480a281db9e8b,10,4,A { pedestrian : Child } wearing a {dress : Light} dress trying to cross road from { direction : LR } at { distance : Long } distance on a day with fog density {fog_density : 0},Child,Light,LR,Long,0,walker.pedestrian.0048,proportional_braking,yolov5s,52,True,2.388354725042995,7.388354725042995,40,2.1789618446575537e-06,96,0.1,9.600000000000001,termination condition on line 128,7.706232247155767,6.825906527600707,False,95,7,0.8823634386062622,36,0.8517419099807739,7.517023734279885,0.00012570934439551577,6.767129898071289,9,16.904828304778338,4.32014394716974,40,-27,2026-09-23T21:12:31.625768+00:00
882fb2fe00bf4568bdb480a281db9e8b,11,0,A { pedestrian : Child } wearing a {dress : Dark} dress trying to cross road from { direction : LR } at { distance : Long } distance on a day with fog density {fog_density : 0},Child,Dark,LR,Long,0,walker.pedestrian.0013,proportional_braking,yolov5s,53,True,5.533523436966114,10.533523436966114,25,1.1467825508680055e-06,101,0.1,10.100000000000001,reached time limit (100 steps),5.398238329647299,7.629416496197633e-08,True,100,0,0.7835315465927124,,,,,7.225980758666992,13,12.729937272563225,5.398238329647299,87,,2026-09-23T21:14:55.283327+00:00
882fb2fe00bf4568bdb480a281db9e8b,11,1,A { pedestrian : Child } wearing a {dress : Dark} dress trying to cross road from { direction : LR } at { distance : Long } distance on a day with fog density {fog_density : 0},Child,Dark,LR,Long,0,walker.pedestrian.0013,proportional_braking,yolov5s,53,True,7.556203269453976,12.556203269453976,27,1.246656450500589e-06,101,0.1,10.100000000000001,reached time limit (100 steps),3.676960046753527,5.067315633394675e-07,True,100,0,0.711387038230896,,,,,7.116436958312988,7,19.490227482953,3.5614515788425636,90,,2026-09-23T21:15:01.188375+00:00
882fb2fe00bf4568bdb480a281db9e8b,11,2,A { pedestrian : Child } wearing a {dress : Dark} dress trying to cross road from { direction : LR } at { distance : Long } distance on a day with fog density {fog_density : 0},Child,Dark,LR,Long,0,walker.pedestrian.0013,proportional_braking,yolov5s,53,True,19.873332072026233,24.873332072026233,0,1.9600002765655518,101,0.1,10.100000000000001,reached time limit (100 steps),6.133669146533648,0.0030234992526446086,True,100,0,0.0,,,,,7.129859924316406,,,,0,,2026-09-23T21:15:07.162742+00:00
882fb2fe00bf4568bdb480a281db9e8b,11,3,A { pedestrian : Child } wearing a {dress : Dark} dress trying to cross road from { direction : LR } at { distance : Long } distance on a day with fog density {fog_density : 0},Child,Dark,LR,Long,0,walker.pedestrian.0013,proportional_braking,yolov5s,53,True,12.10515258721595,17.10515258721595,23,2.4902704482582913e-06,101,0.1,10.100000000000001,reached time limit (100 steps),5.045146404344537,2.460479875254659e-06,True,100,0,0.6714571118354797,,,,,7.222301959991455,0,24.530563990315404,1.9600002765655518,89,,2026-09-23T21:15:12.938260+00:00
882fb2fe00bf4568bdb480a281db9e8b,11,4,A { pedestrian : Child } wearing a {dress : Dark} dress trying to cross road from { direction : LR } at { distance : Long } distance on a day with fog density {fog_density : 0},Child,Dark,LR,Long,0,walker.pedestrian.0013,proportional_braking,yolov5s,53,True,5.036507956623083,10.036507956623083,24,9.813107987213558e-06,101,0.1,10.100000000000001,reached time limit (100 steps),6.011663655511956,2.898232325011746e-06,True,100,0,0.7512465119361877,,,,,6.871628761291504,15,14.030068940189674,6.011663655511956,84,,2026-09-23T21:15:18.083838+00:00
882fb2fe00bf4568bdb480a281db9e8b,12,0,A { pedestrian : Adult } wearing a {dress : Light} dress trying to cross road from { direction : LR } at { distance : Long } distance on a day with fog density {fog_density : 50},Adult,Light,LR,Long,50,walker.pedestrian.0008,proportional_braking,yolov5s,54,True,8.59064526041596,13.59064526041596,0,1.9600002765655518,30,0.1,3.0,termination condition on line 128,7.756771970294541,7.527312321605187,False,29,0,0.0,,,,,6.7392053275272765,,,,0,,2026-09-23T21:17:40.245640+00:00
882fb2fe00bf4568bdb480a281db9e8b,12,1,A { pedestrian : Adult } wearing a {dress : Light} dress trying to cross road from { direction : LR } at { distance : Long } distance on a day with fog density {fog_density : 50},Adult,Light,LR,Long,50,walker.pedestrian.0008,proportional_braking,yolov5s,54,True,8.277612722340223,13.277612722340223,23,1.6015181513362356e-07,101,0.1,10.100000000000001,reached time limit (100 steps),5.0632081636916775,5.814869190903111e-10,True,100,0,0.7654644846916199,,,,,7.058274745941162,0,20.533121692292642,1.9600002765655518,89,,2026-09-23T21:17:45.481888+00:00
882fb2fe00bf4568bdb480a281db9e8b,12,2,A { pedestrian : Adult } wearing a {dress : Light} dress trying to cross road from { direction : LR } at { distance : Long } distance on a day with fog density {fog_density : 50},Adult,Light,LR,Long,50,walker.pedestrian.0008,proportional_braking,yolov5s,54,True,17.841084605729623,22.841084605729623,0,1.9600002765655518,21,0.1,2.1,termination condition on line 128,6.506592179316217,6.317654922180001,False,20,0,0.0,,,,,6.648147106170654,,,,0,,2026-09-23T21:17:46.672368+00:00
882fb2fe00bf4568bdb480a281db9e8b,12,3,A { pedestrian : Adult } wearing a {dress : Light} dress trying to cross road from { direction : LR } at { distance : Long } distance on a day with fog density {fog_density : 50},Adult,Light,LR,Long,50,walker.pedestrian.0008,proportional_braking,yolov5s,54,True,5.672561192213971,10.672561192213971,25,1.6365036988733015e-06,101,0.1,10.100000000000001,reached time limit (100 steps),5.620270740300177,1.3351479973991764e-07,True,100,82,0.8637213706970215,18,0.8501660823822021,10.673627044586521,0.0004862115893302494,6.986110210418701,13,15.036213015962035,5.423601329683629,86,-5,2026-09-23T21:17:52.089299+00:00
882fb2fe00bf4568bdb480a281db9e8b,12,4,A { pedestrian : Adult } wearing a {dress : Light} dress trying to cross road from { direction : LR } at { distance : Long } distance on a day with fog density {fog_density : 50},Adult,Light,LR,Long,50,walker.pedestrian.0008,proportional_braking,yolov5s,54,True,19.921968836176163,24.921968836176163,0,1.9600002765655518,101,0.1,10.100000000000001,reached time limit (100 steps),5.95090147882969,0.02712732619061713,True,100,0,0.0,,,,,8.895244598388672,,,,0,,2026-09-23T21:18:02.158079+00:00
882fb2fe00bf4568bdb480a281db9e8b,13,0,A { pedestrian : Adult } wearing a {dress : Dark} dress trying to cross road from { direction : LR } at { distance : Long } distance on a day with fog density {fog_density : 50},Adult,Dark,LR,Long,50,walker.pedestrian.0007,proportional_braking,yolov5s,55,True,18.62976240405442,23.62976240405442,0,1.9600002765655518,101,0.1,10.100000000000001,reached time limit (100 steps),5.23323626032119,0.01161480363468419,True,100,0,0.0,,,,,6.354196071624756,,,,0,,2026-09-23T21:20:25.952598+00:00
882fb2fe00bf4568bdb480a281db9e8b,13,1,A { pedestrian : Adult } wearing a {dress : Dark} dress trying to cross road from { direction : LR } at { distance : Long } distance on a day with fog density {fog_density : 50},Adult,Dark,LR,Long,50,walker.pedestrian.0007,proportional_braking,yolov5s,55,True,14.414509252408664,19.414509252408664,100,9.482918798139762e-06,101,0.1,10.100000000000001,reached time limit (100 steps),3.0188679317408638,9.482918798139762e-06,True,100,0,0.7243654727935791,,,,,6.924679279327393,6,20.973007423097414,3.0188679317408638,89,,2026-09-23T21:20:30.568840+00:00
882fb2fe00bf4568bdb480a281db9e8b,13,2,A { pedestrian : Adult } wearing a {dress : Dark} dress trying to cross road from { direction : LR } at { distance : Long } distance on a day with fog density {fog_density : 50},Adult,Dark,LR,Long,50,walker.pedestrian.0007,proportional_braking,yolov5s,55,True,9.766418468779406,14.766418468779406,18,5.769390699587612e-06,101,0.1,10.100000000000001,reached time limit (100 steps),5.037104398128352,3.816081626410687e-08,True,100,0,0.7043431401252747,,,,,7.203066349029541,11,16.190565059315677,5.037104398128352,89,,2026-09-23T21:20:36.341326+00:00
882fb2fe00bf4568bdb480a281db9e8b,13,3,A { pedestrian : Adult } wearing a {dress : Dark} dress trying to cross road from { direction : LR } at { distance : Long } distance on a day with fog density {fog_density : 50},Adult,Dark,LR,Long,50,walker.pedestrian.0007,proportional_braking,yolov5s,55,True,9.052703359172988,14.052703359172988,4,1.9063246830078877,28,0.1,2.8000000000000003,termination condition on line 128,7.840926778057618,7.364507328717666,False,27,0,0.0,,,,,7.0375424844247325,,,,0,,2026-09-23T21:20:37.947716+00:00
882fb2fe00bf4568bdb480a281db9e8b,13,4,A { pedestrian : Adult } wearing a {dress : Dark} dress trying to cross road from { direction : LR } at { distance : Long } distance on a day with fog density {fog_density : 50},Adult,Dark,LR,Long,50,walker.pedestrian.0007,proportional_braking,yolov5s,55,True,13.134501445674797,18.134501445674797,17,9.811277379985232e-07,101,0.1,10.100000000000001,reached time limit (100 steps),3.1240576645026668,1.0490638501635342e-07,True,100,0,0.663292407989502,,,,,9.567124843597412,0,21.702194567894846,1.9600002765655518,94,,2026-09-23T21:20:46.058292+00:00
882fb2fe00bf4568bdb480a281db9e8b,14,0,A { pedestrian : Child } wearing a {dress : Light} dress trying to cross road from { direction : LR } at { distance : Long } distance on a day with fog density {fog_density : 50},Child,Light,LR,Long,50,walker.pedestrian.0048,proportional_braking,yolov5s,56,True,11.466021436155177,16.466021436155177,24,6.165647896757015e-07,101,0.1,10.100000000000001,reached time limit (100 steps),4.984772759656637,5.7250386497838265e-08,True,100,0,0.6600810885429382,,,,,6.974930763244629,10,18.966815286514667,4.984772759656637,89,,2026-09-23T21:23:10.929117+00:00
882fb2fe00bf4568bdb480a281db9e8b,14,1,A { pedestrian : Child } wearing a {dress : Light} dress trying to cross road from { direction : LR } at { distance : Long } distance on a day with fog density {fog_density : 50},Child,Light,LR,Long,50,walker.pedestrian.0048,proportional_braking,yolov5s,56,True,13.676968925491899,18.6769689254919,0,1.9600002765655518,101,0.1,10.100000000000001,reached time limit (100 steps),3.3463106903879125,0.014306484521665015,True,100,0,0.0,,,,,6.273717880249023,,,,0,,2026-09-23T21:23:15.486190+00:00
882fb2fe00bf4568bdb480a281db9e8b,14,2,A { pedestrian : Child } wearing a {dress : Light} dress trying to cross road from { direction : LR } at { distance : Long } distance on a day with fog density {fog_density : 50},Child,Light,LR,Long,50,walker.pedestrian.0048,proportional_braking,yolov5s,56,True,1.6827723222561648,6.682772322256165,22,0.0006239124960712143,64,0.1,6.4,termination condition on line 128,7.849300639019882,7.086443022233885,False,63,10,0.8797272443771362,21,0.8548673391342163,6.696869637858206,1.052847622861138,6.447602832128132,14,14.0787352164514,5.720904053692807,18,-7,2026-09-23T21:23:19.714613+00:00
882fb2fe00bf4568bdb480a281db9e8b,14,3,A { pedestrian : Child } wearing a {dress : Light} dress trying to cross road from { direction : LR } at { distance : Long } distance on a day with fog density {fog_density : 50},Child,Light,LR,Long,50,walker.pedestrian.0048,proportional_braking,yolov5s,56,True,10.685193657594478,15.685193657594478,0,1.9600002765655518,28,0.1,2.8000000000000003,termination condition on line 128,7.827061176385894,7.476932408099986,False,27,0,0.0,,,,,6.854463506627966,,,,0,,2026-09-23T21:23:21.343542+00:00
882fb2fe00bf4568bdb480a281db9e8b,14,4,A { pedestrian : Child } wearing a {dress : Light} dress trying to cross road from { direction : LR } at { distance : Long } distance on a day with fog density {fog_density : 50},Child,Light,LR,Long,50,walker.pedestrian.0048,proportional_braking,yolov5s,56,True,9.541953465325419,14.541953465325419,0,1.9600002765655518,101,0.1,10.100000000000001,reached time limit (100 steps),3.4154687027856143,0.015589081183969362,True,100,0,0.0,,,,,6.2064361572265625,,,,0,,2026-09-23T21:23:26.010502+00:00
882fb2fe00bf4568bdb480a281db9e8b,15,0,A { pedestrian : Child } wearing a {dress : Dark} dress trying to cross road from { direction : LR } at { distance : Long } distance on a day with fog density {fog_density : 50},Child,Dark,LR,Long,50,walker.pedestrian.0013,proportional_braking,yolov5s,57,True,17.09592610707748,22.09592610707748,0,1.9600002765655518,101,0.1,10.100000000000001,reached time limit (100 steps),5.891761837979523,0.00971067571949096,True,100,0,0.2599756121635437,,,,,6.762330532073975,,,,0,,2026-09-23T21:25:50.150079+00:00
882fb2fe00bf4568bdb480a281db9e8b,15,1,A { pedestrian : Child } wearing a {dress : Dark} dress trying to cross road from { direction : LR } at { distance : Long } distance on a day with fog density {fog_density : 50},Child,Dark,LR,Long,50,walker.pedestrian.0013,proportional_braking,yolov5s,57,True,1.0333717460927474,6.033371746092747,45,2.4141376054725137,69,0.1,6.9,termination condition on line 128,7.856585647257668,7.439581638021235,False,68,7,0.9081178307533264,32,0.8637163043022156,7.47691022510682,4.52084592277177,6.660591153537526,0,22.369017953997993,1.9600002765655518,15,-32,2026-09-23T21:25:54.751476+00:00
882fb2fe00bf4568bdb480a281db9e8b,15,2,A { pedestrian : Child } wearing a {dress : Dark} dress trying to cross road from { direction : LR } at { distance : Long } distance on a day with fog density {fog_density : 50},Child,Dark,LR,Long,50,walker.pedestrian.0013,proportional_braking,yolov5s,57,True,9.255626283524094,14.255626283524094,54,1.2273168695738796e-07,101,0.1,10.100000000000001,reached time limit (100 steps),3.867235662542782,0.0,True,100,0,0.7886978387832642,,,,,7.105705738067627,1,23.32581353425016,0.2845179996478526,86,,2026-09-23T21:25:59.980729+00:00
882fb2fe00bf4568bdb480a281db9e8b,15,3,A { pedestrian : Child } wearing a {dress : Dark} dress trying to cross road from { direction : LR } at { distance : Long } distance on a day with fog density {fog_density : 50},Child,Dark,LR,Long,50,walker.pedestrian.0013,proportional_braking,yolov5s,57,True,12.419416738039907,17.419416738039907,0,1.9600002765655518,28,0.1,2.8000000000000003,termination condition on line 128,7.843565912904289,7.474478141133802,False,27,0,0.0,,,,,7.035723438969365,,,,0,,2026-09-23T21:26:01.592541+00:00
882fb2fe00bf4568bdb480a281db9e8b,15,4,A { pedestrian : Child } wearing a {dress : Dark} dress trying to cross road from { direction : LR } at { distance : Long } distance on a day with fog density {fog_density : 50},Child,Dark,LR,Long,50,walker.pedestrian.0013,proportional_braking,yolov5s,57,True,4.544705629374949,9.544705629374949,24,2.6396344541999205e-06,101,0.1,10.100000000000001,reached time limit (100 steps),5.135624988217968,8.548768003508297e-08,True,100,0,0.820921003818512,,,,,6.8303704261779785,12,14.422242809831346,5.135624988217968,88,,2026-09-23T21:26:07.689453+00:00
882fb2fe00bf4568bdb480a281db9e8b,16,0,A { pedestrian : Adult } wearing a {dress : Light} dress trying to cross road from { direction : RL } at { distance : Short } distance on a day with fog density {fog_density : 0},Adult,Light,RL,Short,0,walker.pedestrian.0008,proportional_braking,yolov5s,58,True,15.40519440025097,20.40519440025097,12,1.9865826357053395e-06,101,0.1,10.100000000000001,reached time limit (100 steps),1.9600002765655518,2.384262188446873e-07,True,100,0,0.5735076069831848,,,,,6.925539970397949,1,20.430347206288435,0.28451843176380004,98,,2026-09-23T21:28:31.416656+00:00
882fb2fe00bf4568bdb480a281db9e8b,16,1,A { pedestrian : Adult } wearing a {dress : Light} dress trying to cross road from { direction : RL } at { distance : Short } distance on a day with fog density {fog_density : 0},Adult,Light,RL,Short,0,walker.pedestrian.0008,proportional_braking,yolov5s,58,True,10.49565765303516,15.49565765303516,0,1.9600002765655518,30,0.1,3.0,termination condition on line 128,7.697554992883129,7.4374290074966805,False,29,0,0.0,,,,,8.980126216493804,,,,0,,2026-09-23T21:28:33.928580+00:00
882fb2fe00bf4568bdb480a281db9e8b,16,2,A { pedestrian : Adult } wearing a {dress : Light} dress trying to cross road from { direction : RL } at { distance : Short } distance on a day with fog density {fog_density : 0},Adult,Light,RL,Short,0,walker.pedestrian.0008,proportional_braking,yolov5s,58,True,19.318786913535796,24.318786913535796,15,6.39843147471825e-07,101,0.1,10.100000000000001,reached time limit (100 steps),1.9600002765655518,2.28883040593741e-07,True,100,0,0.6173936724662781,,,,,8.827507495880127,0,24.670535295698,1.9600002765655518,96,,2026-09-23T21:28:40.939826+00:00
882fb2fe00bf4568bdb480a281db9e8b,16,3,A { pedestrian : Adult } wearing a {dress : Light} dress trying to cross road from { direction : RL } at { distance : Short } distance on a day with fog density {fog_density : 0},Adult,Light,RL,Short,0,walker.pedestrian.0008,proportional_braking,yolov5s,58,True,16.961543485592443,21.961543485592443,0,1.9600002765655518,101,0.1,10.100000000000001,reached time limit (100 steps),1.9600002765655518,0.0,True,100,0,0.7565089464187622,,,,,8.951027393341064,0,21.961543485592443,1.9600002765655518,100,,2026-09-23T21:28:47.950112+00:00
882fb2fe00bf4568bdb480a281db9e8b,16,4,A { pedestrian : Adult } wearing a {dress : Light} dress trying to cross road from { direction : RL } at { distance : Short } distance on a day with fog density {fog_density : 0},Adult,Light,RL,Short,0,walker.pedestrian.0008,proportional_braking,yolov5s,58,True,16.371225568590077,21.371225568590077,19,1.6791953039714431e-07,101,0.1,10.100000000000001,reached time limit (100 steps),3.07321240741359,1.9073549629400854e-07,True,100,0,0.7669911980628967,,,,,12.86811351776123,0,24.90973453434268,1.9600002765655518,94,,2026-09-23T21:28:57.265496+00:00
882fb2fe00bf4568bdb480a281db9e8b,17,0,A { pedestrian : Adult } wearing a {dress : Dark} dress trying to cross road from { direction : RL } at { distance : Short } distance on a day with fog density {fog_density : 0},Adult,Dark,RL,Short,0,walker.pedestrian.0007,proportional_braking,yolov5s,59,True,7.803620030730858,12.803620030730858,28,8.02593074557797e-06,101,0.1,10.100000000000001,reached time limit (100 steps),5.035235338809699,5.722961058426068e-08,True,100,0,0.8087764382362366,,,,,6.825308799743652,0,24.154923755848614,1.9600002765655518,89,,2026-09-23T21:31:22.199424+00:00
882fb2fe00bf4568bdb480a281db9e8b,17,1,A { pedestrian : Adult } wearing a {dress : Dark} dress trying to cross road from { direction : RL } at { distance : Short } distance on a day with fog density {fog_density : 0},Adult,Dark,RL,Short,0,walker.pedestrian.0007,proportional_braking,yolov5s,59,True,17.462189817609104,22.462189817609104,0,1.9600002765655518,101,0.1,10.100000000000001,reached time limit (100 steps),1.9600002765655518,0.0,True,100,0,0.7626330852508545,,,,,7.112941741943359,0,22.462189817609104,1.9600002765655518,100,,2026-09-23T21:31:30.181002+00:00
882fb2fe00bf4568bdb480a281db9e8b,17,2,A { pedestrian : Adult } wearing a {dress : Dark} dress trying to cross road from { direction : RL } at { distance : Short } distance on a day with fog density {fog_density : 0},Adult,Dark,RL,Short,0,walker.pedestrian.0007,proportional_braking,yolov5s,59,True,17.02459077989678,22.02459077989678,49,1.1894704131387225e-06,101,0.1,10.100000000000001,reached time limit (100 steps),1.9600002765655518,1.0511798607647961e-07,True,100,0,0.6088808178901672,,,,,6.9933295249938965,0,22.893376491259023,1.9600002765655518,91,,2026-09-23T21:31:35.948868+00:00
882fb2fe00bf4568bdb480a281db9e8b,17,3,A { pedestrian : Adult } wearing a {dress : Dark} dress trying to cross road from { direction : RL } at { distance : Short } distance on a day with fog density {fog_density : 0},Adult,Dark,RL,Short,0,walker.pedestrian.0007,proportional_braking,yolov5s,59,True,16.25094451118213,21.25094451118213,0,1.9600002765655518,101,0.1,10.100000000000001,reached time limit (100 steps),1.9600002765655518,0.0,True,100,0,0.6890895962715149,,,,,7.077465057373047,0,21.25094451118213,1.9600002765655518,100,,2026-09-23T21:31:41.647702+00:00
882fb2fe00bf4568bdb480a281db9e8b,17,4,A { pedestrian : Adult } wearing a {dress : Dark} dress trying to cross road from { direction : RL } at { distance : Short } distance on a day with fog density {fog_density : 0},Adult,Dark,RL,Short,0,walker.pedestrian.0007,proportional_braking,yolov5s,59,True,18.90284726472286,23.90284726472286,0,1.9600002765655518,101,0.1,10.100000000000001,reached time limit (100 steps),1.9600002765655518,0.0,True,100,0,0.6318788528442383,,,,,9.22229528427124,0,23.90284726472286,1.9600002765655518,100,,2026-09-23T21:31:49.453922+00:00
882fb2fe00bf4568bdb480a281db9e8b,18,0,A { pedestrian : Child } wearing a {dress : Light} dress trying to cross road from { direction : RL } at { distance : Short } distance on a day with fog density {fog_density : 0},Child,Light,RL,Short,0,walker.pedestrian.0048,proportional_braking,yolov5s,60,True,3.569984654879276,8.569984654879276,24,7.762541830243881e-06,101,0.1,10.100000000000001,reached time limit (100 steps),6.313834154401649,5.912782784927894e-07,True,100,0,0.8471248149871826,,,,,8.7235426902771,16,11.538851830696577,6.313834154401649,84,,2026-09-23T21:34:14.795137+00:00
882fb2fe00bf4568bdb480a281db9e8b,18,1,A { pedestrian : Child } wearing a {dress : Light} dress trying to cross road from { direction : RL } at { distance : Short } distance on a day with fog density {fog_density : 0},Child,Light,RL,Short,0,walker.pedestrian.0048,proportional_braking,yolov5s,60,True,18.482715403892385,23.482715403892385,76,2.515664249069579e-06,101,0.1,10.100000000000001,reached time limit (100 steps),1.9600002765655518,4.681133624352258e-07,True,100,0,0.7050396203994751,,,,,7.218234539031982,0,23.59069591090136,1.9600002765655518,96,,2026-09-23T21:34:20.941670+00:00
882fb2fe00bf4568bdb480a281db9e8b,18,2,A { pedestrian : Child } wearing a {dress : Light} dress trying to cross road from { direction : RL } at { distance : Short } distance on a day with fog density {fog_density : 0},Child,Light,RL,Short,0,walker.pedestrian.0048,proportional_braking,yolov5s,60,True,8.88991830459498,13.88991830459498,29,4.625099817455894e-06,101,0.1,10.100000000000001,reached time limit (100 steps),4.576206322316544,7.65200952605094e-08,True,100,0,0.7940078973770142,,,,,7.032623291015625,0,21.69900127789383,1.9600002765655518,89,,2026-09-23T21:34:26.301038+00:00
882fb2fe00bf4568bdb480a281db9e8b,18,3,A { pedestrian : Child } wearing a {dress : Light} dress trying to cross road from { direction : RL } at { distance : Short } distance on a day with fog density {fog_density : 0},Child,Light,RL,Short,0,walker.pedestrian.0048,proportional_braking,yolov5s,60,True,15.867191124040371,20.86719112404037,0,1.9600002765655518,55,0.1,5.5,termination condition on line 128,6.308384561354822,0.02198633602000881,True,54,0,0.38845133781433105,,,,,7.084360829106084,17,33.27891605816941,6.308384561354822,2,,2026-09-23T21:34:29.823098+00:00
882fb2fe00bf4568bdb480a281db9e8b,18,4,A { pedestrian : Child } wearing a {dress : Light} dress trying to cross road from { direction : RL } at { distance : Short } distance on a day with fog density {fog_density : 0},Child,Light,RL,Short,0,walker.pedestrian.0048,proportional_braking,yolov5s,60,True,8.86392822647326,13.86392822647326,0,1.9600002765655518,30,0.1,3.0,termination condition on line 128,6.186523522050048,6.186523522050048,False,29,0,0.34447407722473145,,,,,7.277398273862642,15,22.33986954283325,5.74858282652855,4,,2026-09-23T21:34:31.696540+00:00
882fb2fe00bf4568bdb480a281db9e8b,19,0,A { pedestrian : Child } wearing a {dress : Dark} dress trying to cross road from { direction : RL } at { distance : Short } distance on a day with fog density {fog_density : 0},Child,Dark,RL,Short,0,walker.pedestrian.0013,proportional_braking,yolov5s,61,True,16.73444560223438,21.73444560223438,0,1.9600002765655518,101,0.1,10.100000000000001,reached time limit (100 steps),1.9600002765655518,0.0,True,100,0,0.6872923970222473,,,,,7.233829498291016,0,21.73444560223438,1.9600002765655518,100,,2026-09-23T21:36:55.233378+00:00
882fb2fe00bf4568bdb480a281db9e8b,19,1,A { pedestrian : Child } wearing a {dress : Dark} dress trying to cross road from { direction : RL } at { distance : Short } distance on a day with fog density {fog_density : 0},Child,Dark,RL,Short,0,walker.pedestrian.0013,proportional_braking,yolov5s,61,True,5.774163143037908,10.774163143037908,23,1.0077068349373479e-05,101,0.1,10.100000000000001,reached time limit (100 steps),5.135453891924693,3.0519662161559705e-07,True,100,0,0.7873140573501587,,,,,6.894426345825195,12,15.748655634123239,5.135453891924693,88,,2026-09-23T21:37:00.493247+00:00
882fb2fe00bf4568bdb480a281db9e8b,19,2,A { pedestrian : Child } wearing a {dress : Dark} dress trying to cross road from { direction : RL } at { distance : Short } distance on a day with fog density {fog_density : 0},Child,Dark,RL,Short,0,walker.pedestrian.0013,proportional_braking,yolov5s,61,True,19.763721474831655,24.763721474831655,0,1.9600002765655518,101,0.1,10.100000000000001,reached time limit (100 steps),6.219170685252788,0.013462685991325147,True,100,0,0.0,,,,,6.99113130569458,,,,0,,2026-09-23T21:37:06.448156+00:00
882fb2fe00bf4568bdb480a281db9e8b,19,3,A { pedestrian : Child } wearing a {dress : Dark} dress trying to cross road from { direction : RL } at { distance : Short } distance on a day with fog density {fog_density : 0},Child,Dark,RL,Short,0,walker.pedestrian.0013,proportional_braking,yolov5s,61,True,17.50618523116202,22.50618523116202,0,1.9600002765655518,101,0.1,10.100000000000001,reached time limit (100 steps),1.9600002765655518,0.0,True,100,0,0.6304200887680054,,,,,10.539567470550537,0,22.50618523116202,1.9600002765655518,100,,2026-09-23T21:37:14.418208+00:00
882fb2fe00bf4568bdb480a281db9e8b,19,4,A { pedestrian : Child } wearing a {dress : Dark} dress trying to cross road from { direction : RL } at { distance : Short } distance on a day with fog density {fog_density : 0},Child,Dark,RL,Short,0,walker.pedestrian.0013,proportional_braking,yolov5s,61,True,16.298797439933065,21.298797439933065,0,1.9600002765655518,101,0.1,10.100000000000001,reached time limit (100 steps),5.607951212023524,0.005464139566210856,True,100,0,0.0,,,,,9.04151201248169,,,,0,,2026-09-23T21:37:22.098462+00:00
882fb2fe00bf4568bdb480a281db9e8b,20,0,A { pedestrian : Adult } wearing a {dress : Light} dress trying to cross road from { direction : RL } at { distance : Short } distance on a day with fog density {fog_density : 50},Adult,Light,RL,Short,50,walker.pedestrian.0008,proportional_braking,yolov5s,62,True,9.85178944844682,14.85178944844682,26,4.995663397091874e-07,101,0.1,10.100000000000001,reached time limit (100 steps),4.538539512431465,0.0,True,100,0,0.7977218627929688,,,,,6.959335803985596,9,20.95681046142343,4.538539512431465,90,,2026-09-23T21:39:46.156800+00:00
882fb2fe00bf4568bdb480a281db9e8b,20,1,A { pedestrian : Adult } wearing a {dress : Light} dress trying to cross road from { direction : RL } at { distance : Short } distance on a day with fog density {fog_density : 50},Adult,Light,RL,Short,50,walker.pedestrian.0008,proportional_braking,yolov5s,62,True,11.646511454919555,16.646511454919555,19,4.253293727893268e-06,101,0.1,10.100000000000001,reached time limit (100 steps),4.086724432984396,2.686779497398859e-07,True,100,0,0.7084394693374634,,,,,6.693212985992432,0,22.86892718731857,1.9600002765655518,92,,2026-09-23T21:39:50.816397+00:00
882fb2fe00bf4568bdb480a281db9e8b,20,2,A { pedestrian : Adult } wearing a {dress : Light} dress trying to cross road from { direction : RL } at { distance : Short } distance on a day with fog density {fog_density : 50},Adult,Light,RL,Short,50,walker.pedestrian.0008,proportional_braking,yolov5s,62,True,12.744224948368824,17.744224948368824,100,3.162530237241254e-06,101,0.1,10.100000000000001,reached time limit (100 steps),2.7428904173696096,3.162530237241254e-06,True,100,0,0.7481870651245117,,,,,6.996676921844482,1,21.15708865034867,0.2845166107404738,92,,2026-09-23T21:39:56.012618+00:00
882fb2fe00bf4568bdb480a281db9e8b,20,3,A { pedestrian : Adult } wearing a {dress : Light} dress trying to cross road from { direction : RL } at { distance : Short } distance on a day with fog density {fog_density : 50},Adult,Light,RL,Short,50,walker.pedestrian.0008,proportional_braking,yolov5s,62,True,17.30373862433922,22.30373862433922,0,1.9600002765655518,101,0.1,10.100000000000001,reached time limit (100 steps),6.31090473858108,0.009896367647354227,True,100,0,0.0,,,,,8.946852684020996,,,,0,,2026-09-23T21:40:02.562436+00:00
882fb2fe00bf4568bdb480a281db9e8b,20,4,A { pedestrian : Adult } wearing a {dress : Light} dress trying to cross road from { direction : RL } at { distance : Short } distance on a day with fog density {fog_density : 50},Adult,Light,RL,Short,50,walker.pedestrian.0008,proportional_braking,yolov5s,62,True,9.359250644452874,14.359250644452874,69,9.910415233979442e-06,101,0.1,10.100000000000001,reached time limit (100 steps),4.0273012630343805,5.065843518625654e-07,True,100,0,0.8035041093826294,,,,,10.142884254455566,8,17.140872503939413,4.0273012630343805,90,,2026-09-23T21:40:09.793166+00:00
882fb2fe00bf4568bdb480a281db9e8b,21,0,A { pedestrian : Adult } wearing a {dress : Dark} dress trying to cross road from { direction : RL } at { distance : Short } distance on a day with fog density {fog_density : 50},Adult,Dark,RL,Short,50,walker.pedestrian.0007,proportional_braking,yolov5s,63,True,16.986494026305678,21.986494026305678,11,1.2273738715755645e-06,101,0.1,10.100000000000001,reached time limit (100 steps),1.9600002765655518,9.544369801732778e-09,True,100,0,0.6123040318489075,,,,,7.168154716491699,0,22.082672196427374,1.9600002765655518,98,,2026-09-23T21:42:34.485924+00:00
882fb2fe00bf4568bdb480a281db9e8b,21,1,A { pedestrian : Adult } wearing a {dress : Dark} dress trying to cross road from { direction : RL } at { distance : Short } distance on a day with fog density {fog_density : 50},Adult,Dark,RL,Short,50,walker.pedestrian.0007,proportional_braking,yolov5s,63,True,19.894706047872226,24.894706047872226,0,1.9600002765655518,101,0.1,10.100000000000001,reached time limit (100 steps),1.9600002765655518,1.3351442559859987e-06,True,100,0,0.6358031630516052,,,,,6.938259601593018,0,24.894706047872226,1.9600002765655518,99,,2026-09-23T21:42:39.719643+00:00
882fb2fe00bf4568bdb480a281db9e8b,21,2,A { pedestrian : Adult } wearing a {dress : Dark} dress trying to cross road from { direction : RL } at { distance : Short } distance on a day with fog density {fog_density : 50},Adult,Dark,RL,Short,50,walker.pedestrian.0007,proportional_braking,yolov5s,63,True,18.361555020783445,23.361555020783445,0,1.9600002765655518,101,0.1,10.100000000000001,reached time limit (100 steps),1.9600002765655518,0.0,True,100,0,0.7165619134902954,,,,,6.932699680328369,0,23.361555020783445,1.9600002765655518,100,,2026-09-23T21:42:44.735154+00:00
882fb2fe00bf4568bdb480a281db9e8b,21,3,A { pedestrian : Adult } wearing a {dress : Dark} dress trying to cross road from { direction : RL } at { distance : Short } distance on a day with fog density {fog_density : 50},Adult,Dark,RL,Short,50,walker.pedestrian.0007,proportional_braking,yolov5s,63,True,17.383043066045918,22.383043066045918,0,1.9600002765655518,101,0.1,10.100000000000001,reached time limit (100 steps),6.157775597349083,0.011464876404072673,True,100,0,0.0,,,,,6.954247951507568,,,,0,,2026-09-23T21:42:51.115727+00:00
882fb2fe00bf4568bdb480a281db9e8b,21,4,A { pedestrian : Adult } wearing a {dress : Dark} dress trying to cross road from { direction : RL } at { distance : Short } distance on a day with fog density {fog_density : 50},Adult,Dark,RL,Short,50,walker.pedestrian.0007,proportional_braking,yolov5s,63,True,8.945980025261361,13.945980025261361,38,3.3156597718082424e-07,101,0.1,10.100000000000001,reached time limit (100 steps),4.0896515972108265,3.4516280290118328e-09,True,100,0,0.8289740085601807,,,,,6.937739849090576,1,23.607728995413538,0.2845173527799631,89,,2026-09-23T21:42:56.347193+00:00
882fb2fe00bf4568bdb480a281db9e8b,22,0,A { pedestrian : Child } wearing a {dress : Light} dress trying to cross road from { direction : RL } at { distance : Short } distance on a day with fog density {fog_density : 50},Child,Light,RL,Short,50,walker.pedestrian.0048,proportional_braking,yolov5s,64,True,12.277776644047954,17.277776644047954,0,1.9600002765655518,101,0.1,10.100000000000001,reached time limit (100 steps),1.9600002765655518,0.0,True,100,0,0.6125624775886536,,,,,7.205662727355957,0,17.277776644047954,1.9600002765655518,100,,2026-09-23T21:45:23.394373+00:00
882fb2fe00bf4568bdb480a281db9e8b,22,1,A { pedestrian : Child } wearing a {dress : Light} dress trying to cross road from { direction : RL } at { distance : Short } distance on a day with fog density {fog_density : 50},Child,Light,RL,Short,50,walker.pedestrian.0048,proportional_braking,yolov5s,64,True,4.7621741140383005,9.7621741140383,27,3.440849561254924e-07,101,0.1,10.100000000000001,reached time limit (100 steps),5.053038154257306,7.631857162950171e-08,True,100,0,0.7967544198036194,,,,,9.143586158752441,11,15.577753466104726,5.029995587182861,89,,2026-09-23T21:45:31.104436+00:00
882fb2fe00bf4568bdb480a281db9e8b,22,2,A { pedestrian : Child } wearing a {dress : Light} dress trying to cross road from { direction : RL } at { distance : Short } distance on a day with fog density {fog_density : 50},Child,Light,RL,Short,50,walker.pedestrian.0048,proportional_braking,yolov5s,64,True,17.961935937751893,22.961935937751893,0,1.9600002765655518,101,0.1,10.100000000000001,reached time limit (100 steps),5.781266982739372,0.015971691097958637,True,100,0,0.0,,,,,8.72316837310791,,,,0,,2026-09-23T21:45:37.959924+00:00
882fb2fe00bf4568bdb480a281db9e8b,22,3,A { pedestrian : Child } wearing a {dress : Light} dress trying to cross road from { direction : RL } at { distance : Short } distance on a day with fog density {fog_density : 50},Child,Light,RL,Short,50,walker.pedestrian.0048,proportional_braking,yolov5s,64,True,15.453619899748496,20.453619899748496,91,2.8285784912346615e-06,101,0.1,10.100000000000001,reached time limit (100 steps),1.9600002765655518,2.511777690408063e-07,True,100,0,0.5636772513389587,,,,,9.243426322937012,2,20.60220486229284,0.6659791243792113,96,,2026-09-23T21:45:44.533350+00:00
882fb2fe00bf4568bdb480a281db9e8b,22,4,A { pedestrian : Child } wearing a {dress : Light} dress trying to cross road from { direction : RL } at { distance : Short } distance on a day with fog density {fog_density : 50},Child,Light,RL,Short,50,walker.pedestrian.0048,proportional_braking,yolov5s,64,True,19.270040325481588,24.270040325481588,0,1.9600002765655518,101,0.1,10.100000000000001,reached time limit (100 steps),1.9600002765655518,0.0,True,100,0,0.4183191955089569,,,,,9.114868640899658,0,24.270040325481588,1.9600002765655518,100,,2026-09-23T21:45:54.125426+00:00
882fb2fe00bf4568bdb480a281db9e8b,23,0,A { pedestrian : Child } wearing a {dress : Dark} dress trying to cross road from { direction : RL } at { distance : Short } distance on a day with fog density {fog_density : 50},Child,Dark,RL,Short,50,walker.pedestrian.0013,proportional_braking,yolov5s,65,True,10.770368945623284,15.770368945623284,0,1.9600002765655518,27,0.1,2.7,termination condition on line 128,7.850454782571736,7.482188625664974,False,26,0,0.0,,,,,7.102819589468149,,,,0,,2026-09-23T21:48:14.413858+00:00
882fb2fe00bf4568bdb480a281db9e8b,23,1,A { pedestrian : Child } wearing a {dress : Dark} dress trying to cross road from { direction : RL } at { distance : Short } distance on a day with fog density {fog_density : 50},Child,Dark,RL,Short,50,walker.pedestrian.0013,proportional_braking,yolov5s,65,True,12.79591012346717,17.79591012346717,18,1.2676730897849285e-06,101,0.1,10.100000000000001,reached time limit (100 steps),3.139351673332104,7.668522550242071e-07,True,100,0,0.741057813167572,,,,,6.928682327270508,0,22.04291725482668,1.9600002765655518,94,,2026-09-23T21:48:19.077856+00:00
882fb2fe00bf4568bdb480a281db9e8b,23,2,A { pedestrian : Child } wearing a {dress : Dark} dress trying to cross road from { direction : RL } at { distance : Short } distance on a day with fog density {fog_density : 50},Child,Dark,RL,Short,50,walker.pedestrian.0013,proportional_braking,yolov5s,65,True,17.958758844321583,22.958758844321583,100,2.3441611435437686e-06,101,0.1,10.100000000000001,reached time limit (100 steps),1.9600002765655518,2.3441611435437686e-06,True,100,0,0.4604759216308594,,,,,7.060329914093018,0,23.111816712699387,1.9600002765655518,95,,2026-09-23T21:48:24.067103+00:00
882fb2fe00bf4568bdb480a281db9e8b,23,3,A { pedestrian : Child } wearing a {dress : Dark} dress trying to cross road from { direction : RL } at { distance : Short } distance on a day with fog density {fog_density : 50},Child,Dark,RL,Short,50,walker.pedestrian.0013,proportional_braking,yolov5s,65,True,17.734869795348274,22.734869795348274,0,1.9600002765655518,26,0.1,2.6,termination condition on line 128,7.8392228159865915,7.753652450459758,False,25,0,0.0,,,,,7.18841552734375,,,,0,,2026-09-23T21:48:25.540637+00:00
882fb2fe00bf4568bdb480a281db9e8b,23,4,A { pedestrian : Child } wearing a {dress : Dark} dress trying to cross road from { direction : RL } at { distance : Short } distance on a day with fog density {fog_density : 50},Child,Dark,RL,Short,50,walker.pedestrian.0013,proportional_braking,yolov5s,65,True,11.724837541531247,16.724837541531247,22,6.759685123675205e-07,101,0.1,10.100000000000001,reached time limit (100 steps),3.3334233036341208,1.4311600133844866e-07,True,100,0,0.7469921112060547,,,,,7.107391357421875,0,20.985611715947808,1.9600002765655518,93,,2026-09-23T21:48:32.568004+00:00
882fb2fe00bf4568bdb480a281db9e8b,24,0,A { pedestrian : Adult } wearing a {dress : Light} dress trying to cross road from { direction : RL } at { distance : Long } distance on a day with fog density {fog_density : 0},Adult,Light,RL,Long,0,walker.pedestrian.0008,proportional_braking,yolov5s,66,True,9.318642924439395,14.318642924439395,26,4.38888307480377e-07,101,0.1,10.100000000000001,reached time limit (100 steps),5.528230850866359,9.822847138941098e-07,True,100,0,0.8081312775611877,,,,,10.727782249450684,13,15.546677242830153,5.528230850866359,87,,2026-09-23T21:51:02.119015+00:00
882fb2fe00bf4568bdb480a281db9e8b,24,1,A { pedestrian : Adult } wearing a {dress : Light} dress trying to cross road from { direction : RL } at { distance : Long } distance on a day with fog density {fog_density : 0},Adult,Light,RL,Long,0,walker.pedestrian.0008,proportional_braking,yolov5s,66,True,10.677567153304782,15.677567153304782,50,7.618464775991823e-07,101,0.1,10.100000000000001,reached time limit (100 steps),2.783362202288208,1.52626270956499e-07,True,100,0,0.7936571836471558,,,,,10.66291093826294,0,21.66849328576523,1.9600002765655518,88,,2026-09-23T21:51:09.076354+00:00
882fb2fe00bf4568bdb480a281db9e8b,24,2,A { pedestrian : Adult } wearing a {dress : Light} dress trying to cross road from { direction : RL } at { distance : Long } distance on a day with fog density {fog_density : 0},Adult,Light,RL,Long,0,walker.pedestrian.0008,proportional_braking,yolov5s,66,True,19.441885548361157,24.441885548361157,0,1.9600002765655518,101,0.1,10.100000000000001,reached time limit (100 steps),1.9600002765655518,1.336720753473768e-07,True,100,0,0.6868638396263123,,,,,9.27603006362915,0,24.441885548361157,1.9600002765655518,98,,2026-09-23T21:51:22.626524+00:00
882fb2fe00bf4568bdb480a281db9e8b,24,3,A { pedestrian : Adult } wearing a {dress : Light} dress trying to cross road from { direction : RL } at { distance : Long } distance on a day with fog density {fog_density : 0},Adult,Light,RL,Long,0,walker.pedestrian.0008,proportional_braking,yolov5s,66,True,15.437324960887583,20.437324960887583,30,1.957836375162712e-06,101,0.1,10.100000000000001,reached time limit (100 steps),1.9600002765655518,1.0490419330996518e-07,True,100,0,0.6716437935829163,,,,,10.58269739151001,1,20.58352431440723,0.2845182744654422,96,,2026-09-23T21:51:34.845130+00:00
882fb2fe00bf4568bdb480a281db9e8b,24,4,A { pedestrian : Adult } wearing a {dress : Light} dress trying to cross road from { direction : RL } at { distance : Long } distance on a day with fog density {fog_density : 0},Adult,Light,RL,Long,0,walker.pedestrian.0008,proportional_braking,yolov5s,66,True,18.19361376346305,23.19361376346305,35,6.228497736066375e-07,101,0.1,10.100000000000001,reached time limit (100 steps),1.9600002765655518,9.536801917431549e-08,True,100,0,0.7808983325958252,,,,,9.580752849578857,0,23.28920817481936,1.9600002765655518,98,,2026-09-23T21:51:49.563405+00:00
882fb2fe00bf4568bdb480a281db9e8b,25,0,A { pedestrian : Adult } wearing a {dress : Dark} dress trying to cross road from { direction : RL } at { distance : Long } distance on a day with fog density {fog_density : 0},Adult,Dark,RL,Long,0,walker.pedestrian.0007,proportional_braking,yolov5s,67,True,18.26340288237232,23.26340288237232,0,1.9600002765655518,101,0.1,10.100000000000001,reached time limit (100 steps),1.9600002765655518,0.0,True,100,0,0.771912693977356,,,,,7.06620454788208,0,23.26340288237232,1.9600002765655518,100,,2026-09-23T21:54:15.129216+00:00
882fb2fe00bf4568bdb480a281db9e8b,25,1,A { pedestrian : Adult } wearing a {dress : Dark} dress trying to cross road from { direction : RL } at { distance : Long } distance on a day with fog density {fog_density : 0},Adult,Dark,RL,Long,0,walker.pedestrian.0007,proportional_braking,yolov5s,67,True,17.642826501786836,22.642826501786836,0,1.9600002765655518,101,0.1,10.100000000000001,reached time limit (100 steps),5.019326819591626,0.029028338283837333,True,100,0,0.3519131541252136,,,,,6.708705425262451,11,28.500251467119053,5.019326819591626,2,,2026-09-23T21:54:22.944098+00:00
882fb2fe00bf4568bdb480a281db9e8b,25,2,A { pedestrian : Adult } wearing a {dress : Dark} dress trying to cross road from { direction : RL } at { distance : Long } distance on a day with fog density {fog_density : 0},Adult,Dark,RL,Long,0,walker.pedestrian.0007,proportional_braking,yolov5s,67,True,15.510103321152926,20.510103321152926,65,1.5377658394560675e-06,101,0.1,10.100000000000001,reached time limit (100 steps),1.9600002765655518,1.8125727594857505e-06,True,100,0,0.7192655205726624,,,,,7.062263488769531,0,20.5151913549684,1.9600002765655518,97,,2026-09-23T21:54:28.638798+00:00
882fb2fe00bf4568bdb480a281db9e8b,25,3,A { pedestrian : Adult } wearing a {dress : Dark} dress trying to cross road from { direction : RL } at { distance : Long } distance on a day with fog density {fog_density : 0},Adult,Dark,RL,Long,0,walker.pedestrian.0007,proportional_braking,yolov5s,67,True,15.672015979013533,20.672015979013533,0,1.9600002765655518,101,0.1,10.100000000000001,reached time limit (100 steps),1.9600002765655518,1.1253358078271315e-06,True,100,0,0.6591593027114868,,,,,7.065622806549072,0,20.672015979013533,1.9600002765655518,99,,2026-09-23T21:54:34.330271+00:00
882fb2fe00bf4568bdb480a281db9e8b,25,4,A { pedestrian : Adult } wearing a {dress : Dark} dress trying to cross road from { direction : RL } at { distance : Long } distance on a day with fog density {fog_density : 0},Adult,Dark,RL,Long,0,walker.pedestrian.0007,proportional_braking,yolov5s,67,True,17.468264726255594,22.468264726255594,0,1.9600002765655518,101,0.1,10.100000000000001,reached time limit (100 steps),1.9600002765655518,0.0,True,100,0,0.710350513458252,,,,,6.951196193695068,0,22.468264726255594,1.9600002765655518,100,,2026-09-23T21:54:39.425047+00:00
882fb2fe00bf4568bdb480a281db9e8b,26,0,A { pedestrian : Child } wearing a {dress : Light} dress trying to cross road from { direction : RL } at { distance : Long } distance on a day with fog density {fog_density : 0},Child,Light,RL,Long,0,walker.pedestrian.0048,proportional_braking,yolov5s,68,True,6.877234804293824,11.877234804293824,28,1.29144344111293e-05,101,0.1,10.100000000000001,reached time limit (100 steps),6.01036943858205,1.3716318907623233e-09,True,100,0,0.7342678904533386,,,,,6.8886613845825195,15,14.899048577919878,6.01036943858205,82,,2026-09-23T21:57:02.589438+00:00
882fb2fe00bf4568bdb480a281db9e8b,26,1,A { pedestrian : Child } wearing a {dress : Light} dress trying to cross road from { direction : RL } at { distance : Long } distance on a day with fog density {fog_density : 0},Child,Light,RL,Long,0,walker.pedestrian.0048,proportional_braking,yolov5s,68,True,18.525284001925474,23.525284001925474,34,2.9819498322782403e-06,101,0.1,10.100000000000001,reached time limit (100 steps),1.9600002765655518,1.9144284058908518e-08,True,100,0,0.5150071382522583,,,,,7.1723198890686035,1,23.53073660875582,0.2845184132886891,98,,2026-09-23T21:57:08.879097+00:00
882fb2fe00bf4568bdb480a281db9e8b,26,2,A { pedestrian : Child } wearing a {dress : Light} dress trying to cross road from { direction : RL } at { distance : Long } distance on a day with fog density {fog_density : 0},Child,Light,RL,Long,0,walker.pedestrian.0048,proportional_braking,yolov5s,68,True,18.355526089552285,23.355526089552285,0,1.9600002765655518,101,0.1,10.100000000000001,reached time limit (100 steps),1.9600002765655518,0.0,True,100,0,0.63303142786026,,,,,7.131257057189941,0,23.355526089552285,1.9600002765655518,100,,2026-09-23T21:57:14.774484+00:00
882fb2fe00bf4568bdb480a281db9e8b,26,3,A { pedestrian : Child } wearing a {dress : Light} dress trying to cross road from { direction : RL } at { distance : Long } distance on a day with fog density {fog_density : 0},Child,Light,RL,Long,0,walker.pedestrian.0048,proportional_braking,yolov5s,68,True,15.26001834188428,20.26001834188428,0,1.9600002765655518,101,0.1,10.100000000000001,reached time limit (100 steps),1.9600002765655518,0.0,True,100,0,0.7530905604362488,,,,,7.067704200744629,0,20.26001834188428,1.9600002765655518,100,,2026-09-23T21:57:20.762108+00:00
882fb2fe00bf4568bdb480a281db9e8b,26,4,A { pedestrian : Child } wearing a {dress : Light} dress trying to cross road from { direction : RL } at { distance : Long } distance on a day with fog density {fog_density : 0},Child,Light,RL,Long,0,walker.pedestrian.0048,proportional_braking,yolov5s,68,True,17.90954195357343,22.90954195357343,0,1.9600002765655518,101,0.1,10.100000000000001,reached time limit (100 steps),1.9600002765655518,0.0,True,100,0,0.5502417087554932,,,,,7.123456001281738,0,22.90954195357343,1.9600002765655518,100,,2026-09-23T21:57:26.920079+00:00
882fb2fe00bf4568bdb480a281db9e8b,27,0,A { pedestrian : Child } wearing a {dress : Dark} dress trying to cross road from { direction : RL } at { distance : Long } distance on a day with fog density {fog_density : 0},Child,Dark,RL,Long,0,walker.pedestrian.0013,proportional_braking,yolov5s,69,True,19.502571235486773,24.502571235486773,0,1.9600002765655518,21,0.1,2.1,termination condition on line 128,6.67820238103418,6.464083603578469,False,20,0,0.0,,,,,7.080996036529541,,,,0,,2026-09-23T21:59:46.417480+00:00
882fb2fe00bf4568bdb480a281db9e8b,27,1,A { pedestrian : Child } wearing a {dress : Dark} dress trying to cross road from { direction : RL } at { distance : Long } distance on a day with fog density {fog_density : 0},Child,Dark,RL,Long,0,walker.pedestrian.0013,proportional_braking,yolov5s,69,True,7.927281196545588,12.927281196545588,44,3.428403953140147e-07,101,0.1,10.100000000000001,reached time limit (100 steps),5.060313695509195,1.4305484969112416e-07,True,100,0,0.6597901582717896,,,,,7.09291934967041,0,20.529054666983605,1.9600002765655518,85,,2026-09-23T21:59:53.199162+00:00
882fb2fe00bf4568bdb480a281db9e8b,27,2,A { pedestrian : Child } wearing a {dress : Dark} dress trying to cross road from { direction : RL } at { distance : Long } distance on a day with fog density {fog_density : 0},Child,Dark,RL,Long,0,walker.pedestrian.0013,proportional_braking,yolov5s,69,True,18.230820212816518,23.230820212816518,0,1.9600002765655518,101,0.1,10.100000000000001,reached time limit (100 steps),1.9600002765655518,0.0,True,100,0,0.7359933257102966,,,,,7.107129096984863,0,23.230820212816518,1.9600002765655518,100,,2026-09-23T21:59:58.821098+00:00
882fb2fe00bf4568bdb480a281db9e8b,27,3,A { pedestrian : Child } wearing a {dress : Dark} dress trying to cross road from { direction : RL } at { distance : Long } distance on a day with fog density {fog_density : 0},Child,Dark,RL,Long,0,walker.pedestrian.0013,proportional_braking,yolov5s,69,True,15.785206790276952,20.785206790276952,11,3.68265913655738e-06,101,0.1,10.100000000000001,reached time limit (100 steps),1.9600002765655518,1.9076473801293585e-08,True,100,0,0.7156549096107483,,,,,7.011425495147705,0,20.78997455673719,1.9600002765655518,99,,2026-09-23T22:00:04.488239+00:00
882fb2fe00bf4568bdb480a281db9e8b,27,4,A { pedestrian : Child } wearing a {dress : Dark} dress trying to cross road from { direction : RL } at { distance : Long } distance on a day with fog density {fog_density : 0},Child,Dark,RL,Long,0,walker.pedestrian.0013,proportional_braking,yolov5s,69,True,7.905732429639377,12.905732429639377,26,1.4766362083226264e-07,101,0.1,10.100000000000001,reached time limit (100 steps),4.385847040177673,1.908661231603975e-08,True,100,0,0.8152042627334595,,,,,7.008929252624512,0,21.65634752054858,1.9600002765655518,90,,2026-09-23T22:00:10.504895+00:00
882fb2fe00bf4568bdb480a281db9e8b,28,0,A { pedestrian : Adult } wearing a {dress : Light} dress trying to cross road from { direction : RL } at { distance : Long } distance on a day with fog density {fog_density : 50},Adult,Light,RL,Long,50,walker.pedestrian.0008,proportional_braking,yolov5s,70,True,12.719403793353475,17.719403793353475,16,1.170548109409565e-06,101,0.1,10.100000000000001,reached time limit (100 steps),3.0578923237994426,2.8225823526393027e-07,True,100,2,0.8516833782196045,24,0.8502255082130432,17.719403793353475,2.378078027944475e-07,11.609127521514893,6,18.978027592282597,3.0116832742393176,94,-18,2026-09-23T22:02:37.222340+00:00
882fb2fe00bf4568bdb480a281db9e8b,28,1,A { pedestrian : Adult } wearing a {dress : Light} dress trying to cross road from { direction : RL } at { distance : Long } distance on a day with fog density {fog_density : 50},Adult,Light,RL,Long,50,walker.pedestrian.0008,proportional_braking,yolov5s,70,True,12.999547791796548,17.999547791796548,69,6.773735443776508e-08,101,0.1,10.100000000000001,reached time limit (100 steps),3.464746541061003,2.2888903406102022e-07,True,100,0,0.6987654566764832,,,,,11.52637004852295,1,22.718771809123297,0.284518927647996,88,,2026-09-23T22:02:45.289741+00:00
882fb2fe00bf4568bdb480a281db9e8b,28,2,A { pedestrian : Adult } wearing a {dress : Light} dress trying to cross road from { direction : RL } at { distance : Long } distance on a day with fog density {fog_density : 50},Adult,Light,RL,Long,50,walker.pedestrian.0008,proportional_braking,yolov5s,70,True,19.465661108243324,24.465661108243324,0,1.9600002765655518,24,0.1,2.4000000000000004,termination condition on line 128,6.288499838032496,1.991857201064265,False,23,0,0.0,,,,,10.0057954373567,,,,0,,2026-09-23T22:02:48.081976+00:00
882fb2fe00bf4568bdb480a281db9e8b,28,3,A { pedestrian : Adult } wearing a {dress : Light} dress trying to cross road from { direction : RL } at { distance : Long } distance on a day with fog density {fog_density : 50},Adult,Light,RL,Long,50,walker.pedestrian.0008,proportional_braking,yolov5s,70,True,8.56340358959507,13.56340358959507,6,2.9583611050106406,101,0.1,10.100000000000001,reached time limit (100 steps),3.9144875432375352,0.014641705571965672,True,100,0,0.0,,,,,10.271148681640625,,,,0,,2026-09-23T22:03:00.717314+00:00
882fb2fe00bf4568bdb480a281db9e8b,28,4,A { pedestrian : Adult } wearing a {dress : Light} dress trying to cross road from { direction : RL } at { distance : Long } distance on a day with fog density {fog_density : 50},Adult,Light,RL,Long,50,walker.pedestrian.0008,proportional_braking,yolov5s,70,True,6.378748337373363,11.378748337373363,27,6.634105542568206e-07,101,0.1,10.100000000000001,reached time limit (100 steps),5.418703329887978,1.525878819838044e-06,True,100,0,0.832584798336029,,,,,10.542974472045898,13,17.082276937264737,5.418703329887978,87,,2026-09-23T22:03:11.323873+00:00
882fb2fe00bf4568bdb480a281db9e8b,29,0,A { pedestrian : Adult } wearing a {dress : Dark} dress trying to cross road from { direction : RL } at { distance : Long } distance on a day with fog density {fog_density : 50},Adult,Dark,RL,Long,50,walker.pedestrian.0007,proportional_braking,yolov5s,71,True,18.889767578200967,23.889767578200967,0,1.9600002765655518,101,0.1,10.100000000000001,reached time limit (100 steps),1.9600002765655518,0.0,True,100,0,0.7279078364372253,,,,,7.0833420753479,0,23.889767578200967,1.9600002765655518,100,,2026-09-23T22:05:34.718719+00:00
882fb2fe00bf4568bdb480a281db9e8b,29,1,A { pedestrian : Adult } wearing a {dress : Dark} dress trying to cross road from { direction : RL } at { distance : Long } distance on a day with fog density {fog_density : 50},Adult,Dark,RL,Long,50,walker.pedestrian.0007,proportional_braking,yolov5s,71,True,17.823703116867524,22.823703116867524,0,1.9600002765655518,101,0.1,10.100000000000001,reached time limit (100 steps),1.9600002765655518,0.0,True,100,0,0.6631514430046082,,,,,9.708492755889893,0,22.823703116867524,1.9600002765655518,100,,2026-09-23T22:05:41.804662+00:00
882fb2fe00bf4568bdb480a281db9e8b,29,2,A { pedestrian : Adult } wearing a {dress : Dark} dress trying to cross road from { direction : RL } at { distance : Long } distance on a day with fog density {fog_density : 50},Adult,Dark,RL,Long,50,walker.pedestrian.0007,proportional_braking,yolov5s,71,True,15.914319401383626,20.914319401383626,0,1.9600002765655518,101,0.1,10.100000000000001,reached time limit (100 steps),6.145079012213055,0.050329941759047606,True,100,0,0.0,,,,,9.04029369354248,,,,0,,2026-09-23T22:05:48.448184+00:00
882fb2fe00bf4568bdb480a281db9e8b,29,3,A { pedestrian : Adult } wearing a {dress : Dark} dress trying to cross road from { direction : RL } at { distance : Long } distance on a day with fog density {fog_density : 50},Adult,Dark,RL,Long,50,walker.pedestrian.0007,proportional_braking,yolov5s,71,True,10.535285448808313,15.535285448808313,28,2.7613677947270976e-07,101,0.1,10.100000000000001,reached time limit (100 steps),5.053223284602748,1.9083331400129314e-08,True,100,0,0.7912911772727966,,,,,9.593362808227539,11,16.996808089047224,5.053223284602748,88,,2026-09-23T22:05:55.154843+00:00
882fb2fe00bf4568bdb480a281db9e8b,29,4,A { pedestrian : Adult } wearing a {dress : Dark} dress trying to cross road from { direction : RL } at { distance : Long } distance on a day with fog density {fog_density : 50},Adult,Dark,RL,Long,50,walker.pedestrian.0007,proportional_braking,yolov5s,71,True,16.43465574141497,21.43465574141497,0,1.9600002765655518,101,0.1,10.100000000000001,reached time limit (100 steps),1.9600002765655518,0.0,True,100,0,0.6205573081970215,,,,,9.517724514007568,0,21.43465574141497,1.9600002765655518,100,,2026-09-23T22:06:02.423381+00:00
882fb2fe00bf4568bdb480a281db9e8b,30,0,A { pedestrian : Child } wearing a {dress : Light} dress trying to cross road from { direction : RL } at { distance : Long } distance on a day with fog density {fog_density : 50},Child,Light,RL,Long,50,walker.pedestrian.0048,proportional_braking,yolov5s,72,True,13.686304910170016,18.686304910170016,24,7.119524169093494e-07,101,0.1,10.100000000000001,reached time limit (100 steps),4.4941226308246645,6.904084668920977e-07,True,100,9,0.855624258518219,36,0.8512665629386902,18.686304910170016,7.255915201577368e-07,8.488988876342773,9,21.117227352012538,4.4941226308246645,91,-27,2026-09-23T22:08:26.437853+00:00
882fb2fe00bf4568bdb480a281db9e8b,30,1,A { pedestrian : Child } wearing a {dress : Light} dress trying to cross road from { direction : RL } at { distance : Long } distance on a day with fog density {fog_density : 50},Child,Light,RL,Long,50,walker.pedestrian.0048,proportional_braking,yolov5s,72,True,15.440181448136887,20.440181448136887,0,1.9600002765655518,101,0.1,10.100000000000001,reached time limit (100 steps),6.2209036020600905,0.014710669127769976,True,100,0,0.0,,,,,6.240262985229492,,,,0,,2026-09-23T22:08:30.991962+00:00
882fb2fe00bf4568bdb480a281db9e8b,30,2,A { pedestrian : Child } wearing a {dress : Light} dress trying to cross road from { direction : RL } at { distance : Long } distance on a day with fog density {fog_density : 50},Child,Light,RL,Long,50,walker.pedestrian.0048,proportional_braking,yolov5s,72,True,15.305924520696887,20.305924520696887,0,1.9600002765655518,101,0.1,10.100000000000001,reached time limit (100 steps),1.9600002765655518,0.0,True,100,0,0.4830153286457062,,,,,6.877896785736084,0,20.305924520696887,1.9600002765655518,100,,2026-09-23T22:08:35.831479+00:00
882fb2fe00bf4568bdb480a281db9e8b,30,3,A { pedestrian : Child } wearing a {dress : Light} dress trying to cross road from { direction : RL } at { distance : Long } distance on a day with fog density {fog_density : 50},Child,Light,RL,Long,50,walker.pedestrian.0048,proportional_braking,yolov5s,72,True,2.168451599112143,7.168451599112143,20,0.31263077086958113,101,0.1,10.100000000000001,reached time limit (100 steps),6.598218671845245,5.010971565839707,False,100,3,0.873430609703064,19,0.8628249764442444,7.648925252480133,5.660669809910448,6.80908203125,17,10.120766003129866,6.598218671845245,56,-2,2026-09-23T22:08:42.023859+00:00
882fb2fe00bf4568bdb480a281db9e8b,30,4,A { pedestrian : Child } wearing a {dress : Light} dress trying to cross road from { direction : RL } at { distance : Long } distance on a day with fog density {fog_density : 50},Child,Light,RL,Long,50,walker.pedestrian.0048,proportional_braking,yolov5s,72,True,15.194486608246116,20.194486608246116,0,1.9600002765655518,101,0.1,10.100000000000001,reached time limit (100 steps),1.9600002765655518,0.0,True,100,0,0.6926051378250122,,,,,7.026245594024658,0,20.194486608246116,1.9600002765655518,100,,2026-09-23T22:08:47.775498+00:00
882fb2fe00bf4568bdb480a281db9e8b,31,0,A { pedestrian : Child } wearing a {dress : Dark} dress trying to cross road from { direction : RL } at { distance : Long } distance on a day with fog density {fog_density : 50},Child,Dark,RL,Long,50,walker.pedestrian.0013,proportional_braking,yolov5s,73,True,15.55648824318206,20.55648824318206,0,1.9600002765655518,101,0.1,10.100000000000001,reached time limit (100 steps),1.9600002765655518,0.0,True,100,0,0.7015758156776428,,,,,7.108581066131592,0,20.55648824318206,1.9600002765655518,100,,2026-09-23T22:11:14.988201+00:00
882fb2fe00bf4568bdb480a281db9e8b,31,1,A { pedestrian : Child } wearing a {dress : Dark} dress trying to cross road from { direction : RL } at { distance : Long } distance on a day with fog density {fog_density : 50},Child,Dark,RL,Long,50,walker.pedestrian.0013,proportional_braking,yolov5s,73,True,19.470575898790887,24.470575898790887,0,1.9600002765655518,101,0.1,10.100000000000001,reached time limit (100 steps),1.9600002765655518,0.0,True,100,0,0.7114608883857727,,,,,7.070479393005371,0,24.470575898790887,1.9600002765655518,100,,2026-09-23T22:11:20.532875+00:00
882fb2fe00bf4568bdb480a281db9e8b,31,2,A { pedestrian : Child } wearing a {dress : Dark} dress trying to cross road from { direction : RL } at { distance : Long } distance on a day with fog density {fog_density : 50},Child,Dark,RL,Long,50,walker.pedestrian.0013,proportional_braking,yolov5s,73,True,11.807009230581865,16.807009230581865,0,1.9600002765655518,31,0.1,3.1,termination condition on line 128,7.560991637019958,7.555792037898094,False,30,0,0.0,,,,,6.6611528396606445,,,,0,,2026-09-23T22:11:22.353339+00:00
882fb2fe00bf4568bdb480a281db9e8b,31,3,A { pedestrian : Child } wearing a {dress : Dark} dress trying to cross road from { direction : RL } at { distance : Long } distance on a day with fog density {fog_density : 50},Child,Dark,RL,Long,50,walker.pedestrian.0013,proportional_braking,yolov5s,73,True,14.508637528205913,19.508637528205913,14,1.2992471235413126e-06,101,0.1,10.100000000000001,reached time limit (100 steps),2.4948948398845423,2.479584502909151e-07,True,100,0,0.7405081391334534,,,,,8.08011770248413,5,20.82472395754364,2.3778158338319546,95,,2026-09-23T22:11:29.050586+00:00
882fb2fe00bf4568bdb480a281db9e8b,31,4,A { pedestrian : Child } wearing a {dress : Dark} dress trying to cross road from { direction : RL } at { distance : Long } distance on a day with fog density {fog_density : 50},Child,Dark,RL,Long,50,walker.pedestrian.0013,proportional_braking,yolov5s,73,True,9.532208155879758,14.532208155879758,22,4.048997700477e-06,101,0.1,10.100000000000001,reached time limit (100 steps),4.548132816231933,9.786949531878046e-09,True,100,0,0.7596784234046936,,,,,8.10070276260376,9,20.591279680825508,4.548132816231933,90,,2026-09-23T22:11:35.791677+00:00
882fb2fe00bf4568bdb480a281db9e8b,best_video,0,A { pedestrian : Child } wearing a {dress : Dark} dress trying to cross road from { direction : LR } at { distance : Short } distance on a day with fog density {fog_density : 0},Child,Dark,LR,Short,0,walker.pedestrian.0013,proportional_braking,,42,True,6.731487043529178,11.731487043529178,22,4.435498014344002e-06,101,0.1,10.100000000000001,reached time limit (100 steps),4.445209310045257,1.1444368257716053e-07,True,100,0,0.8389426469802856,,,,,7.068328857421875,0,20.50523462355513,1.9600002765655518,91,,2026-09-23T22:14:01.798946+00:00
