run_id,scenario_id,sim_index,phenotype,pedestrian,dress,direction,distance,fog_density,pedestrian_blueprint,braking_mode,yolo_model,seed,passed,rho,min_distance_m,min_distance_step,ego_speed_at_min_distance,steps,timestep_s,duration_s,termination,ego_speed_max,ego_speed_final,stopped,frames_seen,detection_frames,max_confidence,first_detection_step,first_detection_conf,first_detection_distance_m,ego_speed_at_first_detection,mean_inference_ms,first_brake_step,first_brake_distance_m,ego_speed_at_first_brake,brake_steps,reaction_steps,approach_distance_m,crossing_trigger_m,pedestrian_min_speed_mps,pedestrian_speed_mps,crossing_start_distance_m,peak_decel_mps2,peak_jerk_mps3,min_ttc_s,first_stop_step,resumed,resume_after_s,resume_within_s,left_road,left_road_step,max_heading_off_lane_deg,max_lane_offset_m,recorded_at
7ee91f4d1770480eae9c2891a240a25c,0,0,A { pedestrian : Adult } wearing a {dress : Light} dress trying to cross road from { direction : LR } at { distance : Short } distance on a day with fog density {fog_density : 0},Adult,Light,LR,Short,0,walker.pedestrian.0008,proportional_braking,yolov5s,42,True,12.631699277811705,17.631699277811705,27,1.8548943224991508,77,0.1,7.7,termination condition on line 152,7.057044952551368,6.8676402832547225,False,76,0,0.7283252477645874,,,,,8.5419636023672,2,20.098670435017517,0.6959321617350733,26,,20.0,100.0,2.0,21.98867540527034,20.184615219953802,31.15168462301856,321.862391474283,4.674450102318063,3,True,1.8,1.8,False,,64.53026419161601,11.606863867258957,2026-10-06T11:23:41.341937+00:00
7ee91f4d1770480eae9c2891a240a25c,1,0,A { pedestrian : Adult } wearing a {dress : Dark} dress trying to cross road from { direction : LR } at { distance : Short } distance on a day with fog density {fog_density : 0},Adult,Dark,LR,Short,0,walker.pedestrian.0007,proportional_braking,yolov5s,43,True,7.368879992388008,12.368879992388008,31,2.7473785138561944,55,0.1,5.5,termination condition on line 152,7.860382034129702,7.064406946294227,False,54,0,0.8474733233451843,,,,,6.539132859971788,2,20.356897038617852,0.6802905464350463,15,,20.0,100.0,2.0,11.075292649278223,20.450228857345902,7.889637776215075,69.62199635341481,1.8242835162219004,3,True,1.4000000000000001,1.4000000000000001,False,,0.4509860369759614,0.2941999435615903,2026-10-06T11:26:03.022624+00:00
7ee91f4d1770480eae9c2891a240a25c,2,0,A { pedestrian : Child } wearing a {dress : Light} dress trying to cross road from { direction : LR } at { distance : Short } distance on a day with fog density {fog_density : 0},Child,Light,LR,Short,0,walker.pedestrian.0048,proportional_braking,yolov5s,44,True,0.7950819944081404,5.79508199440814,37,5.827792328331348,54,0.1,5.4,termination condition on line 152,7.012011550025434,5.401137600945124,False,53,0,0.7175866365432739,,,,,6.982227541365713,6,19.706422374503735,2.7715605637747176,13,,20.0,100.0,2.0,2.0000001525878663,21.20879101994064,26.26062413041329,306.11015783745285,1.1490551871461592,18,True,0.7000000000000001,0.7000000000000001,False,,0.29551207921654477,0.29419997344194987,2026-10-06T11:28:22.397837+00:00
7ee91f4d1770480eae9c2891a240a25c,3,0,A { pedestrian : Child } wearing a {dress : Dark} dress trying to cross road from { direction : LR } at { distance : Short } distance on a day with fog density {fog_density : 0},Child,Dark,LR,Short,0,walker.pedestrian.0013,proportional_braking,yolov5s,45,True,5.049145230673785,10.049145230673785,38,6.21657510953263,53,0.1,5.300000000000001,termination condition on line 152,7.856260270848899,7.117791326587535,False,52,0,0.7436135411262512,,,,,6.329256754655105,0,20.644158690586682,1.9600002765655518,13,,20.0,100.0,2.0,2.0000014901155643,20.665183545006986,20.71794182173247,229.78966492242424,2.168391681540173,3,True,0.9,0.9,False,,0.1940208243255834,0.294253690323288,2026-10-06T11:30:45.558385+00:00
7ee91f4d1770480eae9c2891a240a25c,4,0,A { pedestrian : Adult } wearing a {dress : Light} dress trying to cross road from { direction : LR } at { distance : Short } distance on a day with fog density {fog_density : 50},Adult,Light,LR,Short,50,walker.pedestrian.0008,proportional_braking,yolov5s,46,True,8.380784039904743,13.380784039904743,54,7.0495708636211285,69,0.1,6.9,termination condition on line 152,7.857528396351938,7.03775442185269,False,68,0,0.7928795218467712,,,,,6.583248867708094,0,19.967758587579322,1.9600002765655518,21,,20.0,100.0,2.0,2.0113281336773303,19.97206980929652,19.24692940697359,222.03744735705058,2.760505635018193,5,True,1.5,1.5,False,,0.07889834151891763,0.29419997334532677,2026-10-06T11:33:05.939306+00:00
7ee91f4d1770480eae9c2891a240a25c,5,0,A { pedestrian : Adult } wearing a {dress : Dark} dress trying to cross road from { direction : LR } at { distance : Short } distance on a day with fog density {fog_density : 50},Adult,Dark,LR,Short,50,walker.pedestrian.0007,proportional_braking,yolov5s,47,True,14.356861357792031,19.35686135779203,0,1.9600002765655518,251,0.1,25.1,reached time limit (250 steps),2.5426794422340224,2.0134503262368123e-07,True,250,0,0.7911971211433411,,,,,6.870872497558594,0,19.35686135779203,1.9600002765655518,244,,20.0,100.0,2.0,2.000000238418565,19.384454562114318,21.135353642542356,211.36209993025327,4.410861630325216,3,True,2.4000000000000004,2.4000000000000004,False,,0.07968380634041967,0.2941999733448234,2026-10-06T11:35:38.108160+00:00
7ee91f4d1770480eae9c2891a240a25c,6,0,A { pedestrian : Child } wearing a {dress : Light} dress trying to cross road from { direction : LR } at { distance : Short } distance on a day with fog density {fog_density : 50},Child,Light,LR,Short,50,walker.pedestrian.0048,proportional_braking,yolov5s,48,True,12.009301984620542,17.009301984620542,42,7.849201302533198,57,0.1,5.7,termination condition on line 152,7.849201302533198,7.227402927529375,False,56,0,0.5682640075683594,,,,,6.435479436601911,0,20.40652680280916,1.9600002765655518,12,,20.0,100.0,2.0,2.0000001525878663,20.42613633254218,2.5462621797891773,50.92540157940609,3.7003972114951496,5,True,2.0,2.0,False,,0.29732753423417935,0.294199973344822,2026-10-06T11:38:00.001447+00:00
7ee91f4d1770480eae9c2891a240a25c,7,0,A { pedestrian : Child } wearing a {dress : Dark} dress trying to cross road from { direction : LR } at { distance : Short } distance on a day with fog density {fog_density : 50},Child,Dark,LR,Short,50,walker.pedestrian.0013,proportional_braking,yolov5s,49,True,8.063515981813957,13.063515981813957,29,3.0817038000883867,251,0.1,25.1,reached time limit (250 steps),5.0741101003270535,9.536795134587732e-08,True,250,0,0.8007940053939819,,,,,6.934502601623535,0,19.765503062570403,1.9600002765655518,232,,20.0,100.0,2.0,2.676562547683716,19.76301649177343,30.81121568108796,308.083387183026,1.9073148787251628,9,True,1.3,1.3,False,,0.1026897389543658,0.2941999741239405,2026-10-06T11:40:33.929245+00:00
7ee91f4d1770480eae9c2891a240a25c,8,0,A { pedestrian : Adult } wearing a {dress : Light} dress trying to cross road from { direction : LR } at { distance : Long } distance on a day with fog density {fog_density : 0},Adult,Light,LR,Long,0,walker.pedestrian.0008,proportional_braking,yolov5s,50,True,7.16373502838956,12.16373502838956,41,6.94411430113889,57,0.1,5.7,termination condition on line 152,7.849295982914706,7.169854351304394,False,56,0,0.5584167838096619,,,,,7.00309021132333,2,35.12629156767695,0.7039942314330304,5,,35.0,100.0,2.0,40.95998697411056,35.21033265886358,1.7336909310989324,44.22465400797014,1.4394502963444813,3,True,0.5,0.5,False,,0.4299138749354141,0.2942000031471264,2026-10-06T11:42:55.322528+00:00
7ee91f4d1770480eae9c2891a240a25c,9,0,A { pedestrian : Adult } wearing a {dress : Dark} dress trying to cross road from { direction : LR } at { distance : Long } distance on a day with fog density {fog_density : 0},Adult,Dark,LR,Long,0,walker.pedestrian.0007,proportional_braking,yolov5s,51,True,0.9508574106665275,5.9508574106665275,36,7.063450694463849,251,0.1,25.1,reached time limit (250 steps),7.857522905586059,3.8163393149956415e-08,True,250,0,0.6918367147445679,,,,,6.977230072021484,13,27.352367209652037,5.397001361866729,210,,35.0,100.0,2.0,2.167968969946498,35.346934394417104,53.33805287733647,518.4127020874814,0.9894508127281606,50,False,,inf,False,,0.3799486589559443,0.2941999733448183,2026-10-06T11:45:29.444070+00:00
7ee91f4d1770480eae9c2891a240a25c,10,0,A { pedestrian : Child } wearing a {dress : Light} dress trying to cross road from { direction : LR } at { distance : Long } distance on a day with fog density {fog_density : 0},Child,Light,LR,Long,0,walker.pedestrian.0048,proportional_braking,yolov5s,52,True,0.8199250900295834,5.819925090029583,33,7.040328344919791,48,0.1,4.800000000000001,termination condition on line 152,7.849380817813716,7.463839506193355,False,47,0,0.37000107765197754,,,,,6.8831240877192075,37,8.291556719136427,7.251220865203877,2,,35.0,100.0,2.0,2.4539063287745266,36.0676315389744,5.48364471640526,41.50414049568871,0.7753686498379021,,False,,0.0,False,,0.37582260919433,0.2941999435429087,2026-10-06T11:47:49.736051+00:00
7ee91f4d1770480eae9c2891a240a25c,11,0,A { pedestrian : Child } wearing a {dress : Dark} dress trying to cross road from { direction : LR } at { distance : Long } distance on a day with fog density {fog_density : 0},Child,Dark,LR,Long,0,walker.pedestrian.0013,proportional_braking,yolov5s,53,True,5.1124450943934825,10.112445094393482,95,6.360353114596415,111,0.1,11.100000000000001,termination condition on line 152,7.848986281154416,6.954180416633841,False,110,0,0.7720961570739746,,,,,6.925511360168457,3,34.83316954599698,1.2200613155629594,51,,35.0,100.0,2.0,2.000001431107065,35.04964122639575,52.39455094458768,523.4032141086627,1.5897072120877889,12,True,1.3,1.3,False,,1.8209176633954913,0.2941999733449813,2026-10-06T11:50:16.419478+00:00
7ee91f4d1770480eae9c2891a240a25c,12,0,A { pedestrian : Adult } wearing a {dress : Light} dress trying to cross road from { direction : LR } at { distance : Long } distance on a day with fog density {fog_density : 50},Adult,Light,LR,Long,50,walker.pedestrian.0008,proportional_braking,yolov5s,54,True,7.951840134263685,12.951840134263685,25,0.6546780264795492,62,0.1,6.2,termination condition on line 152,7.849230770807809,6.941625567110152,False,61,3,0.8845822811126709,25,0.8845822811126709,12.951840134263685,0.6546780264795492,6.577397956222784,21,16.34031951988783,7.703267077278644,10,-4,35.0,100.0,2.0,7.2746097601106365,34.14541938029237,52.284187186438494,457.4362547514949,1.1661083215565247,26,True,1.0,1.0,False,,0.7524919522354836,0.294199973372146,2026-10-06T11:52:37.033469+00:00
7ee91f4d1770480eae9c2891a240a25c,13,0,A { pedestrian : Adult } wearing a {dress : Dark} dress trying to cross road from { direction : LR } at { distance : Long } distance on a day with fog density {fog_density : 50},Adult,Dark,LR,Long,50,walker.pedestrian.0007,proportional_braking,yolov5s,55,True,1.3313242301115267,6.331324230111527,34,3.9930610756068683,54,0.1,5.4,termination condition on line 152,7.849419322391942,7.708419787959899,False,53,0,0.7041281461715698,,,,,6.5142838460094525,23,14.501906643993822,7.768091584007812,8,,35.0,100.0,2.0,11.20687701699535,34.963228932283094,10.307644140821237,145.61849788782553,0.9498508860990225,,False,,0.0,False,,0.4038658514250899,0.2941999435424807,2026-10-06T11:54:59.580615+00:00
7ee91f4d1770480eae9c2891a240a25c,14,0,A { pedestrian : Child } wearing a {dress : Light} dress trying to cross road from { direction : LR } at { distance : Long } distance on a day with fog density {fog_density : 50},Child,Light,LR,Long,50,walker.pedestrian.0048,proportional_braking,yolov5s,56,True,1.5452527313274125,6.5452527313274125,30,6.950999771661658,48,0.1,4.800000000000001,termination condition on line 152,7.849531414882375,7.149729058878429,False,47,0,0.0,,,,,6.458794817011407,,,,0,,35.0,100.0,2.0,20.474015584471736,34.471070229766624,1.8311287161755274,22.706101263853107,0.677521475162184,,False,,0.0,False,,0.35074742999374736,0.29420000595424073,2026-10-06T11:57:18.947148+00:00
7ee91f4d1770480eae9c2891a240a25c,15,0,A { pedestrian : Child } wearing a {dress : Dark} dress trying to cross road from { direction : LR } at { distance : Long } distance on a day with fog density {fog_density : 50},Child,Dark,LR,Long,50,walker.pedestrian.0013,proportional_braking,yolov5s,57,True,4.865427301249138,9.865427301249138,32,7.001752262531172,48,0.1,4.800000000000001,termination condition on line 152,7.849151167472625,7.1501941594440765,False,47,0,0.2639029622077942,,,,,6.161385394157247,,,,0,,35.0,100.0,2.0,2.000000038146968,34.62253149575926,1.7990387918538175,22.547320832442264,1.2377308700056906,,False,,0.0,False,,0.3308569183333394,0.29420253124254575,2026-10-06T11:59:37.911387+00:00
7ee91f4d1770480eae9c2891a240a25c,16,0,A { pedestrian : Adult } wearing a {dress : Light} dress trying to cross road from { direction : RL } at { distance : Short } distance on a day with fog density {fog_density : 0},Adult,Light,RL,Short,0,walker.pedestrian.0008,proportional_braking,yolov5s,58,True,5.921891338518831,10.921891338518831,18,5.795343895318921,38,0.1,3.8000000000000003,termination condition on line 152,7.849010657831802,7.051194585810768,False,37,0,0.4810488522052765,,,,,6.603969110024942,13,13.366416543953845,5.398215184339704,1,,20.0,100.0,2.0,11.252344154154393,20.025566529324742,1.9427503768319543,37.711634441377036,1.5645299516027682,,False,,0.0,False,,0.4073346606898738,0.2942000033288654,2026-10-06T12:01:57.360668+00:00
7ee91f4d1770480eae9c2891a240a25c,17,0,A { pedestrian : Adult } wearing a {dress : Dark} dress trying to cross road from { direction : RL } at { distance : Short } distance on a day with fog density {fog_density : 0},Adult,Dark,RL,Short,0,walker.pedestrian.0007,proportional_braking,yolov5s,59,True,7.663079951457249,12.663079951457249,40,2.389140665461639e-06,251,0.1,25.1,reached time limit (250 steps),5.038616031233511,1.907432603690691e-07,True,250,0,0.7667332887649536,,,,,6.940944671630859,3,19.263622285665484,1.2304809043742806,233,,20.0,100.0,2.0,2.000000238418565,19.598910742252883,32.109297806689874,236.2195509543922,1.5420609541078316,7,True,1.9000000000000001,1.9000000000000001,False,,3.284773290292475,0.29419997334480863,2026-10-06T12:04:33.278409+00:00
7ee91f4d1770480eae9c2891a240a25c,18,0,A { pedestrian : Child } wearing a {dress : Light} dress trying to cross road from { direction : RL } at { distance : Short } distance on a day with fog density {fog_density : 0},Child,Light,RL,Short,0,walker.pedestrian.0048,proportional_braking,yolov5s,60,True,10.835303240824619,15.835303240824619,11,0.00011896753288963937,121,0.1,12.100000000000001,termination condition on line 152,7.849181055323302,4.049792864637376,False,120,0,0.7337661385536194,,,,,6.688177585601807,6,18.141930342667983,3.0079039741278764,65,,20.0,100.0,2.0,2.0000062090059907,19.902189879906892,30.413977372827382,346.9607904401165,2.7703527087105395,11,True,3.7,3.7,False,,0.8144539034299673,0.29420000314713807,2026-10-06T12:07:01.500283+00:00
7ee91f4d1770480eae9c2891a240a25c,19,0,A { pedestrian : Child } wearing a {dress : Dark} dress trying to cross road from { direction : RL } at { distance : Short } distance on a day with fog density {fog_density : 0},Child,Dark,RL,Short,0,walker.pedestrian.0013,proportional_braking,yolov5s,61,True,14.027296900451336,19.027296900451336,9,4.021023082294487e-05,251,0.1,25.1,reached time limit (250 steps),2.611816080970389,2.098086503335478e-07,True,250,0,0.6890354156494141,,,,,6.990728378295898,0,19.458702795752586,1.9600002765655518,240,,20.0,100.0,2.0,2.0,19.46706040525301,19.674906153750307,196.7423468641734,4.411296023256512,4,True,2.9000000000000004,2.9000000000000004,False,,0.15031478852786018,0.2941999735824875,2026-10-06T12:09:35.616966+00:00
7ee91f4d1770480eae9c2891a240a25c,20,0,A { pedestrian : Adult } wearing a {dress : Light} dress trying to cross road from { direction : RL } at { distance : Short } distance on a day with fog density {fog_density : 50},Adult,Light,RL,Short,50,walker.pedestrian.0008,proportional_braking,yolov5s,62,True,6.74375641644896,11.74375641644896,33,5.169179463884578,56,0.1,5.6000000000000005,termination condition on line 152,7.849023422200347,7.722660825387581,False,55,1,0.8555845618247986,18,0.8555845618247986,14.331186055191196,0.0,6.407126513394442,9,17.340184988331156,4.534646985970805,17,-9,20.0,100.0,2.0,7.644314677660948,20.38592769662232,19.687480991403287,196.84134926377715,1.851476978784548,16,True,1.0,1.0,False,,0.3607216225719552,0.2941999435424805,2026-10-06T12:11:56.111160+00:00
7ee91f4d1770480eae9c2891a240a25c,21,0,A { pedestrian : Adult } wearing a {dress : Dark} dress trying to cross road from { direction : RL } at { distance : Short } distance on a day with fog density {fog_density : 50},Adult,Dark,RL,Short,50,walker.pedestrian.0007,proportional_braking,yolov5s,63,True,12.46185692408178,17.46185692408178,10,0.0001764813069280531,89,0.1,8.9,termination condition on line 152,6.442260618722905,5.661753084117604,False,88,0,0.777712345123291,,,,,9.823723272843795,3,20.036938213217685,1.3066252272614212,41,,20.0,100.0,2.0,2.0,20.36724315542929,48.694089102174516,470.2065172221002,3.428019069923393,10,True,3.7,3.7,False,,1.7264842585398448,0.2941999735056195,2026-10-06T12:14:23.069923+00:00
7ee91f4d1770480eae9c2891a240a25c,22,0,A { pedestrian : Child } wearing a {dress : Light} dress trying to cross road from { direction : RL } at { distance : Short } distance on a day with fog density {fog_density : 50},Child,Light,RL,Short,50,walker.pedestrian.0048,proportional_braking,yolov5s,64,True,1.165831111635116,6.165831111635116,22,7.849479562275549,37,0.1,3.7,termination condition on line 152,7.849479562275549,7.224728721923127,False,36,0,0.0,,,,,6.548828548855251,,,,0,,20.0,100.0,2.0,2.0000014901155643,19.382694928719406,1.8287374776438625,22.685990451243665,0.8723359573252141,,False,,0.0,False,,0.30425036680338974,0.29420000318452405,2026-10-06T12:16:41.823934+00:00
7ee91f4d1770480eae9c2891a240a25c,24,0,A { pedestrian : Adult } wearing a {dress : Light} dress trying to cross road from { direction : RL } at { distance : Long } distance on a day with fog density {fog_density : 0},Adult,Light,RL,Long,0,walker.pedestrian.0008,proportional_braking,yolov5s,66,True,17.93613702089458,22.93613702089458,38,0.0,251,0.1,25.1,reached time limit (250 steps),4.2581465245392,2.696747419169925e-07,True,250,0,0.725299060344696,,,,,7.02327823638916,3,35.65452903258844,1.2832774714961088,234,,35.0,100.0,2.0,2.000000238418565,35.952634009776624,21.998136935027002,219.95062379367994,3.9250045280252714,4,True,1.2000000000000002,1.2000000000000002,False,,0.4573999306239816,0.2941999733448035,2026-10-06T12:21:33.525230+00:00
7ee91f4d1770480eae9c2891a240a25c,25,0,A { pedestrian : Adult } wearing a {dress : Dark} dress trying to cross road from { direction : RL } at { distance : Long } distance on a day with fog density {fog_density : 0},Adult,Dark,RL,Long,0,walker.pedestrian.0007,proportional_braking,yolov5s,67,True,10.682667153764712,15.682667153764712,86,2.217364747915611,107,0.1,10.700000000000001,termination condition on line 152,7.368798489024266,7.368798489024266,False,106,0,0.7429797053337097,,,,,6.988437670581746,0,35.7569405554056,1.9600002765655518,53,,35.0,100.0,2.0,2.0000003433226836,35.75962763622626,34.9257254739313,354.30640425237914,3.2324460434962465,3,True,3.2,3.2,False,,1.3636403180539243,0.29420000328725693,2026-10-06T12:24:01.224460+00:00
7ee91f4d1770480eae9c2891a240a25c,26,0,A { pedestrian : Child } wearing a {dress : Light} dress trying to cross road from { direction : RL } at { distance : Long } distance on a day with fog density {fog_density : 0},Child,Light,RL,Long,0,walker.pedestrian.0048,proportional_braking,yolov5s,68,True,1.4292720645733796,6.42927206457338,33,6.459542378950366,49,0.1,4.9,termination condition on line 152,7.850110673703851,6.97382116690749,False,48,0,0.6813084483146667,,,,,6.930430730183919,24,12.802618908577768,7.618257194626271,3,,35.0,100.0,2.0,2.0,34.73942801514058,7.2093796529822995,44.62303218378087,1.0293198081016737,,False,,0.0,False,,0.4638433539250277,0.2941999435624666,2026-10-06T12:26:25.221073+00:00
7ee91f4d1770480eae9c2891a240a25c,28,0,A { pedestrian : Adult } wearing a {dress : Light} dress trying to cross road from { direction : RL } at { distance : Long } distance on a day with fog density {fog_density : 50},Adult,Light,RL,Long,50,walker.pedestrian.0008,proportional_braking,yolov5s,70,True,13.092170386916994,18.092170386916994,22,0.0005710251329970345,251,0.1,25.1,reached time limit (250 steps),6.9073403122570705,9.553087652959442e-09,True,250,0,0.7448861002922058,,,,,8.394603729248047,18,21.754633795777178,6.9073403122570705,230,,35.0,100.0,2.0,2.0003905296325684,35.60663277201044,42.50315648924848,425.0186543703015,1.5893088955479697,22,False,,inf,False,,0.3704533311939449,0.29419997352846805,2026-10-06T12:31:20.959106+00:00
7ee91f4d1770480eae9c2891a240a25c,29,0,A { pedestrian : Adult } wearing a {dress : Dark} dress trying to cross road from { direction : RL } at { distance : Long } distance on a day with fog density {fog_density : 50},Adult,Dark,RL,Long,50,walker.pedestrian.0007,proportional_braking,yolov5s,71,True,5.146012385497668,10.146012385497668,62,6.363144951951353,77,0.1,7.7,termination condition on line 152,7.849021555875653,6.9412863052252245,False,76,0,0.7444521188735962,,,,,6.375234378011603,18,22.081514368103928,6.879432112943834,20,,35.0,100.0,2.0,2.0,35.86652781428432,36.32832592604421,363.25133637977706,1.6219159295862347,22,True,1.4000000000000001,1.4000000000000001,False,,0.6762658341447113,0.2941999733448035,2026-10-06T12:33:44.271549+00:00
7ee91f4d1770480eae9c2891a240a25c,30,0,A { pedestrian : Child } wearing a {dress : Light} dress trying to cross road from { direction : RL } at { distance : Long } distance on a day with fog density {fog_density : 50},Child,Light,RL,Long,50,walker.pedestrian.0048,proportional_braking,yolov5s,72,True,5.046875454229221,10.046875454229221,37,5.688617213585712,52,0.1,5.2,termination condition on line 152,7.849210965092442,7.090042126457256,False,51,0,0.8142051100730896,,,,,6.329031551585478,24,13.520009830980053,7.617327967428713,3,,35.0,100.0,2.0,2.0000014901155643,35.270370095501704,26.67438180999193,201.1794942311204,1.1107852444603044,,False,,0.0,False,,0.29104085639515875,0.2942710710863447,2026-10-06T12:36:06.210407+00:00
7ee91f4d1770480eae9c2891a240a25c,31,0,A { pedestrian : Child } wearing a {dress : Dark} dress trying to cross road from { direction : RL } at { distance : Long } distance on a day with fog density {fog_density : 50},Child,Dark,RL,Long,50,walker.pedestrian.0013,proportional_braking,yolov5s,73,True,8.753878337447892,13.753878337447892,44,5.950475497732552,61,0.1,6.1000000000000005,termination condition on line 152,7.853575459928645,6.908800511597048,False,60,0,0.6207512021064758,,,,,7.100288073221843,0,35.89817057520063,1.9600002765655518,9,,35.0,100.0,2.0,2.0000494378629177,35.89886060197505,43.34331990667889,393.6107016804878,1.8002258651641825,26,True,0.4,0.4,False,,1.2674693536111836,0.2941999738243607,2026-10-06T12:38:30.304167+00:00
7ee91f4d1770480eae9c2891a240a25c,best_video,0,A { pedestrian : Adult } wearing a {dress : Light} dress trying to cross road from { direction : LR } at { distance : Short } distance on a day with fog density {fog_density : 0},Adult,Light,LR,Short,0,walker.pedestrian.0008,proportional_braking,,42,True,16.000010300010352,21.000010300010352,0,1.9600002765655518,97,0.1,9.700000000000001,termination condition on line 152,7.450688242399415,2.7476352270038262,False,96,0,0.7862132787704468,,,,,7.179573178291321,0,21.000010300010352,1.9600002765655518,60,,,,,2.0000085830504304,21.024249948039238,31.426926751484114,365.1594295378689,8.202685584895804,4,True,4.800000000000001,4.800000000000001,False,,3.9902646083020814,0.29420000327207907,2026-10-06T12:40:58.254893+00:00
