run_id,scenario_id,sim_index,phenotype,pedestrian,dress,direction,distance,fog_density,pedestrian_blueprint,braking_mode,yolo_model,seed,passed,rho,min_distance_m,min_distance_step,ego_speed_at_min_distance,steps,timestep_s,duration_s,termination,ego_speed_max,ego_speed_final,stopped,frames_seen,detection_frames,max_confidence,first_detection_step,first_detection_conf,first_detection_distance_m,ego_speed_at_first_detection,mean_inference_ms,first_brake_step,first_brake_distance_m,ego_speed_at_first_brake,brake_steps,reaction_steps,ego_start_m,crossing_trigger_m,pedestrian_speed_mps,crossing_start_distance_m,peak_decel_mps2,peak_jerk_mps3,min_ttc_s,first_stop_step,resumed,resume_after_s,resume_within_s,recorded_at
130e0c8b8b974f0eac6c4f7c76ee510f,0,0,A { pedestrian : Adult } wearing a {dress : Light} dress trying to cross road from { direction : LR } at { distance : Short } distance on a day with fog density {fog_density : 0},Adult,Light,LR,Short,0,walker.pedestrian.0008,proportional_braking,yolov5s,42,True,11.325440720607034,16.325440720607034,250,3.433254731277577e-07,251,0.1,25.1,reached time limit (250 steps),3.715790636811091,3.433254731277577e-07,True,250,23,0.8599835634231567,69,0.8510856628417969,16.33247399011543,2.9482852365316e-07,6.914801597595215,0,20.17728625437624,1.9600002765655518,233,-69,20,100,2.0000002884864725,20.201877080629476,19.336248163441986,193.34912739024068,2.857624901622255,5,True,1.8,1.8,2026-10-01T06:35:12.289280+00:00
130e0c8b8b974f0eac6c4f7c76ee510f,1,0,A { pedestrian : Adult } wearing a {dress : Dark} dress trying to cross road from { direction : LR } at { distance : Short } distance on a day with fog density {fog_density : 0},Adult,Dark,LR,Short,0,walker.pedestrian.0007,proportional_braking,yolov5s,43,True,15.059737059964867,20.059737059964867,0,1.9600002765655518,251,0.1,25.1,reached time limit (250 steps),6.128912684605937,0.008760539220227737,True,250,0,0.27980032563209534,,,,,6.493582725524902,,,,0,,20,100,2.940009088502159,20.08812931554496,60.404005413044445,632.8905108239011,17.060183449502667,21,False,,inf,2026-10-01T06:37:44.706980+00:00
130e0c8b8b974f0eac6c4f7c76ee510f,2,0,A { pedestrian : Child } wearing a {dress : Light} dress trying to cross road from { direction : LR } at { distance : Short } distance on a day with fog density {fog_density : 0},Child,Light,LR,Short,0,walker.pedestrian.0048,proportional_braking,yolov5s,44,True,14.91612133525054,19.91612133525054,0,1.9600002765655518,251,0.1,25.1,reached time limit (250 steps),5.748528475149742,0.022313070949895382,True,250,0,0.37965527176856995,,,,,7.037788391113281,5,21.19846501476633,2.534187016573276,3,,20,100,2.0000003433226836,19.939746634529044,47.178885621215535,480.22815072865916,25.57007608463301,22,False,,inf,2026-10-01T06:40:15.247630+00:00
130e0c8b8b974f0eac6c4f7c76ee510f,3,0,A { pedestrian : Child } wearing a {dress : Dark} dress trying to cross road from { direction : LR } at { distance : Short } distance on a day with fog density {fog_density : 0},Child,Dark,LR,Short,0,walker.pedestrian.0013,proportional_braking,yolov5s,45,True,15.441885765248454,20.441885765248454,9,5.1064590533904345e-06,251,0.1,25.1,reached time limit (250 steps),1.9600002765655518,5.723001741298212e-08,True,250,0,0.6061418056488037,,,,,7.202976226806641,1,20.654000104809224,0.2845174554146835,245,,20,100,2.0,20.654000104809224,16.75482821150868,157.19089293360867,49.07202177254457,3,False,,inf,2026-10-01T06:42:48.822355+00:00
130e0c8b8b974f0eac6c4f7c76ee510f,4,0,A { pedestrian : Adult } wearing a {dress : Light} dress trying to cross road from { direction : LR } at { distance : Short } distance on a day with fog density {fog_density : 50},Adult,Light,LR,Short,50,walker.pedestrian.0008,proportional_braking,yolov5s,46,True,11.863891642464953,16.863891642464953,250,3.834585493126888e-08,251,0.1,25.1,reached time limit (250 steps),3.3457412189286466,3.834585493126888e-08,True,250,0,0.7967696189880371,,,,,7.170291900634766,2,19.948472760809228,0.7316028661060632,236,,20,100,2.0000001525878663,19.98872749634405,20.774094369684466,212.25667021775527,3.151594463993705,3,True,2.8000000000000003,2.8000000000000003,2026-10-01T06:45:21.265870+00:00
130e0c8b8b974f0eac6c4f7c76ee510f,5,0,A { pedestrian : Adult } wearing a {dress : Dark} dress trying to cross road from { direction : LR } at { distance : Short } distance on a day with fog density {fog_density : 50},Adult,Dark,LR,Short,50,walker.pedestrian.0007,proportional_braking,yolov5s,47,True,13.72668939119167,18.72668939119167,33,1.1069264986790682e-05,251,0.1,25.1,reached time limit (250 steps),3.035756625020415,1.9163686890669684e-08,True,250,0,0.7946513295173645,,,,,6.904796600341797,0,19.35686135779203,1.9600002765655518,243,,20,100,2.000000238418565,19.384394533289417,16.890174448486572,159.8977893590284,3.690615363962812,3,True,2.2,2.2,2026-10-01T06:47:52.162095+00:00
130e0c8b8b974f0eac6c4f7c76ee510f,6,0,A { pedestrian : Child } wearing a {dress : Light} dress trying to cross road from { direction : LR } at { distance : Short } distance on a day with fog density {fog_density : 50},Child,Light,LR,Short,50,walker.pedestrian.0048,proportional_braking,yolov5s,48,True,10.946984927197821,15.946984927197821,15,0.8605926438212631,54,0.1,5.4,termination condition on line 137,7.849047629434681,6.929186436401664,False,53,0,0.7760220170021057,,,,,6.93471926563191,0,20.40652680280916,1.9600002765655518,14,,20,100,2.0000001525878663,20.42613633254218,16.890174448486572,163.21501634481183,2.8074646646728927,16,True,1.1,1.1,2026-10-01T06:50:14.187518+00:00
130e0c8b8b974f0eac6c4f7c76ee510f,7,0,A { pedestrian : Child } wearing a {dress : Dark} dress trying to cross road from { direction : LR } at { distance : Short } distance on a day with fog density {fog_density : 50},Child,Dark,LR,Short,50,walker.pedestrian.0013,proportional_braking,yolov5s,49,True,2.7575675230589596,7.75756752305896,31,7.473406196050403,46,0.1,4.6000000000000005,termination condition on line 137,7.849154389822016,7.104584968251055,False,45,0,0.42461535334587097,,,,,6.591939926147461,5,18.765749911513602,2.484346185604422,6,,20,100,3.8140651186572803,19.927128877267787,16.754842088896353,210.82596889246184,1.2442120968699282,10,True,0.6000000000000001,0.6000000000000001,2026-10-01T06:52:32.997783+00:00
130e0c8b8b974f0eac6c4f7c76ee510f,8,0,A { pedestrian : Adult } wearing a {dress : Light} dress trying to cross road from { direction : LR } at { distance : Long } distance on a day with fog density {fog_density : 0},Adult,Light,LR,Long,0,walker.pedestrian.0008,proportional_braking,yolov5s,50,True,7.105013797289281,12.105013797289281,41,6.94180759812138,57,0.1,5.7,termination condition on line 137,7.848925908262807,7.169078509604098,False,56,0,0.5669502019882202,,,,,6.924710103443691,2,35.1260407935341,0.7039942314330304,5,,35,100,40.95997670293989,35.21027949094969,17.995510875336958,209.4958733145846,1.438531818475303,3,True,0.5,0.5,2026-10-01T06:54:53.271440+00:00
130e0c8b8b974f0eac6c4f7c76ee510f,9,0,A { pedestrian : Adult } wearing a {dress : Dark} dress trying to cross road from { direction : LR } at { distance : Long } distance on a day with fog density {fog_density : 0},Adult,Dark,LR,Long,0,walker.pedestrian.0007,proportional_braking,yolov5s,51,True,5.917382249456505,10.917382249456505,250,2.098094974340034e-07,251,0.1,25.1,reached time limit (250 steps),7.849469579137861,2.098094974340034e-07,True,250,150,0.8702096343040466,26,0.8561816215515137,11.279589254416914,4.945700288018541,7.07083797454834,23,14.830364205594453,7.7814841924922975,227,-3,35,100,2.000000038146968,34.966755988930316,49.452362606099356,494.52869982825973,1.0018647768894988,27,False,,inf,2026-10-01T06:57:26.203146+00:00
130e0c8b8b974f0eac6c4f7c76ee510f,10,0,A { pedestrian : Child } wearing a {dress : Light} dress trying to cross road from { direction : LR } at { distance : Long } distance on a day with fog density {fog_density : 0},Child,Light,LR,Long,0,walker.pedestrian.0048,proportional_braking,yolov5s,52,True,6.828557199748605,11.828557199748605,33,7.1044910759523745,48,0.1,4.800000000000001,termination condition on line 137,7.849049463226653,7.240682142148424,False,47,0,0.6061843037605286,,,,,6.639145790262425,24,16.52875793969967,7.61705783262061,2,,35,100,2.0000014901155643,35.9243680482665,16.754823052578395,209.7049938293281,1.4246938176521444,,False,,0.0,2026-10-01T06:59:49.827317+00:00
130e0c8b8b974f0eac6c4f7c76ee510f,11,0,A { pedestrian : Child } wearing a {dress : Dark} dress trying to cross road from { direction : LR } at { distance : Long } distance on a day with fog density {fog_density : 0},Child,Dark,LR,Long,0,walker.pedestrian.0013,proportional_braking,yolov5s,53,True,11.675162914944362,16.675162914944362,250,8.584936474509154e-08,251,0.1,25.1,reached time limit (250 steps),6.523851332377212,8.584936474509154e-08,True,250,0,0.814058780670166,,,,,7.001285552978516,3,34.83455546861422,1.2200613155629594,225,,35,100,2.000001431107065,35.04982371788303,32.67511989335663,326.71432528668487,1.678031067510049,12,True,0.7000000000000001,0.7000000000000001,2026-10-01T07:02:22.687295+00:00
130e0c8b8b974f0eac6c4f7c76ee510f,12,0,A { pedestrian : Adult } wearing a {dress : Light} dress trying to cross road from { direction : LR } at { distance : Long } distance on a day with fog density {fog_density : 50},Adult,Light,LR,Long,50,walker.pedestrian.0008,proportional_braking,yolov5s,54,True,15.146848393247918,20.146848393247918,29,1.902213776030869e-07,251,0.1,25.1,reached time limit (250 steps),6.610708966400357,1.3352153352334288e-07,True,250,0,0.7340415716171265,,,,,7.159899711608887,17,23.128604012014,6.610708966400357,233,,35,100,2.0000001525878663,34.157568809238015,30.51855947922005,293.8139037523929,2.1022308397167753,21,False,,inf,2026-10-01T07:04:53.321145+00:00
130e0c8b8b974f0eac6c4f7c76ee510f,13,0,A { pedestrian : Adult } wearing a {dress : Dark} dress trying to cross road from { direction : LR } at { distance : Long } distance on a day with fog density {fog_density : 50},Adult,Dark,LR,Long,50,walker.pedestrian.0007,proportional_braking,yolov5s,55,True,11.740995371179686,16.740995371179686,250,7.629850766527738e-08,251,0.1,25.1,reached time limit (250 steps),7.196120593762967,7.629850766527738e-08,True,250,0,0.7952661514282227,,,,,7.093692779541016,19,21.719181992379628,7.196120593762967,231,,35,100,2.0000001525878663,35.38494367448116,39.94065695947744,399.38584892017474,1.574426190536851,24,False,,inf,2026-10-01T07:07:23.748233+00:00
130e0c8b8b974f0eac6c4f7c76ee510f,14,0,A { pedestrian : Child } wearing a {dress : Light} dress trying to cross road from { direction : LR } at { distance : Long } distance on a day with fog density {fog_density : 50},Child,Light,LR,Long,50,walker.pedestrian.0048,proportional_braking,yolov5s,56,True,1.5379336625097704,6.53793366250977,30,6.951023115180623,48,0.1,4.800000000000001,termination condition on line 137,7.849545422910947,7.149807266221327,False,47,0,0.0,,,,,6.567807907753802,,,,0,,35,100,20.46228238800627,34.471070229766624,16.75482316443718,209.0249342873192,0.6796647646757321,,False,,0.0,2026-10-01T07:09:45.641497+00:00
130e0c8b8b974f0eac6c4f7c76ee510f,15,0,A { pedestrian : Child } wearing a {dress : Dark} dress trying to cross road from { direction : LR } at { distance : Long } distance on a day with fog density {fog_density : 50},Child,Dark,LR,Long,50,walker.pedestrian.0013,proportional_braking,yolov5s,57,True,4.866429667543299,9.866429667543299,32,7.001846916290621,48,0.1,4.800000000000001,termination condition on line 137,7.8491961573542905,6.8197200463736,False,47,0,0.4399292469024658,,,,,6.627108188385659,46,22.96765944775362,7.153876067310714,1,,35,100,2.000000038146968,34.62253149575926,16.754841923808126,206.6025878019952,1.238308311413035,,False,,0.0,2026-10-01T07:12:05.001037+00:00
130e0c8b8b974f0eac6c4f7c76ee510f,16,0,A { pedestrian : Adult } wearing a {dress : Light} dress trying to cross road from { direction : RL } at { distance : Short } distance on a day with fog density {fog_density : 0},Adult,Light,RL,Short,0,walker.pedestrian.0008,proportional_braking,yolov5s,58,True,5.193386203068245,10.193386203068245,49,7.4514391762577175,65,0.1,6.5,termination condition on line 137,7.849004705236688,7.178068573428761,False,64,0,0.80936199426651,,,,,6.911814212799072,1,19.30183371161461,0.28451887746068805,24,,20,100,2.0,19.30183371161461,16.754813991048636,157.19051166629237,1.7705631710263046,3,True,2.9000000000000004,2.9000000000000004,2026-10-01T07:14:29.818739+00:00
130e0c8b8b974f0eac6c4f7c76ee510f,17,0,A { pedestrian : Adult } wearing a {dress : Dark} dress trying to cross road from { direction : RL } at { distance : Short } distance on a day with fog density {fog_density : 0},Adult,Dark,RL,Short,0,walker.pedestrian.0007,proportional_braking,yolov5s,59,True,14.223726097986027,19.223726097986027,88,1.908333526304452,251,0.1,25.1,reached time limit (250 steps),5.198394764376559,7.629446312823921e-08,True,250,0,0.7054739594459534,,,,,7.029685020446777,5,21.289030275650713,2.5224656881818586,214,,20,100,2.0,21.024734744158533,19.080864249296592,208.33286639336097,3.4075054804825005,10,True,2.1,2.1,2026-10-01T07:17:04.592835+00:00
130e0c8b8b974f0eac6c4f7c76ee510f,18,0,A { pedestrian : Child } wearing a {dress : Light} dress trying to cross road from { direction : RL } at { distance : Short } distance on a day with fog density {fog_density : 0},Child,Light,RL,Short,0,walker.pedestrian.0048,proportional_braking,yolov5s,60,True,6.670833164745458,11.670833164745458,24,2.3740915168725,112,0.1,11.200000000000001,termination condition on line 137,5.703749572142306,1.9633816903304246,False,111,0,0.7889743447303772,,,,,6.896616102338911,14,16.355740925393807,5.703749572142306,60,,20,100,2.0,20.424286251446965,31.01635677065957,238.44111532468108,2.1548648981668417,26,True,1.8,1.8,2026-10-01T07:19:30.977200+00:00
130e0c8b8b974f0eac6c4f7c76ee510f,19,0,A { pedestrian : Child } wearing a {dress : Dark} dress trying to cross road from { direction : RL } at { distance : Short } distance on a day with fog density {fog_density : 0},Child,Dark,RL,Short,0,walker.pedestrian.0013,proportional_braking,yolov5s,61,False,-2.0718070203982952,2.9281929796017048,46,3.0664083791479433,77,0.1,7.7,termination condition on line 137,7.595120833554621,7.066503764018799,False,76,4,0.9028353095054626,35,0.8776783347129822,6.534054939645936,9.426033170423074e-07,7.10979888313695,0,19.25870440486945,1.9600002765655518,32,-35,20,100,4.826952935253,19.197516246285584,16.890178322789307,165.5246242673085,0.786553687098991,3,True,4.2,4.2,2026-10-01T07:21:53.958199+00:00
130e0c8b8b974f0eac6c4f7c76ee510f,20,0,A { pedestrian : Adult } wearing a {dress : Light} dress trying to cross road from { direction : RL } at { distance : Short } distance on a day with fog density {fog_density : 50},Adult,Light,RL,Short,50,walker.pedestrian.0008,proportional_braking,yolov5s,62,True,6.7198777539894845,11.719877753989485,33,5.174299743262794,56,0.1,5.6000000000000005,termination condition on line 137,7.711909454100022,7.711909454100022,False,55,1,0.8666254281997681,18,0.8666254281997681,14.283856512026594,7.465735569098381e-05,9.282086112282492,9,17.34018498107609,4.534646985970805,17,-9,20,100,8.517022365712167,20.38592769013128,16.754818733883354,202.6472249293255,1.8511721711142397,17,True,0.9,0.9,2026-10-01T07:24:15.045092+00:00
130e0c8b8b974f0eac6c4f7c76ee510f,21,0,A { pedestrian : Adult } wearing a {dress : Dark} dress trying to cross road from { direction : RL } at { distance : Short } distance on a day with fog density {fog_density : 50},Adult,Dark,RL,Short,50,walker.pedestrian.0007,proportional_braking,yolov5s,63,True,12.88555036781527,17.88555036781527,30,2.401259120775578,130,0.1,13.0,termination condition on line 137,5.064118140710003,3.574829259412372,False,129,0,0.745875358581543,,,,,9.163586668265882,8,20.463529935980667,4.060739628823591,80,,20,100,2.0,20.97025476033616,33.06615101341872,365.84848284054533,4.354108351824191,17,True,0.5,0.5,2026-10-01T07:26:44.098071+00:00
130e0c8b8b974f0eac6c4f7c76ee510f,22,0,A { pedestrian : Child } wearing a {dress : Light} dress trying to cross road from { direction : RL } at { distance : Short } distance on a day with fog density {fog_density : 50},Child,Light,RL,Short,50,walker.pedestrian.0048,proportional_braking,yolov5s,64,True,1.1661001433614766,6.166100143361477,22,7.849479562275549,37,0.1,3.7,termination condition on line 137,7.849479562275549,7.239635341767785,False,36,0,0.0,,,,,6.774716907077366,,,,0,,20,100,2.0,19.382644233551794,16.75482466042144,207.58684156918895,0.8716126660109571,,False,,0.0,2026-10-01T07:29:04.629873+00:00
130e0c8b8b974f0eac6c4f7c76ee510f,23,0,A { pedestrian : Child } wearing a {dress : Dark} dress trying to cross road from { direction : RL } at { distance : Short } distance on a day with fog density {fog_density : 50},Child,Dark,RL,Short,50,walker.pedestrian.0013,proportional_braking,yolov5s,65,True,9.503397753688983,14.503397753688983,12,0.006561005094676659,78,0.1,7.800000000000001,termination condition on line 137,7.857207970018327,5.902684070908107,False,77,0,0.7814326882362366,,,,,8.571714549869686,6,17.769216145783364,3.0259793015816676,38,,20,100,2.000004615778565,19.552482645693853,21.577625851526026,215.14103315690798,2.440934534577274,12,True,3.5,3.5,2026-10-01T07:31:27.395884+00:00
130e0c8b8b974f0eac6c4f7c76ee510f,24,0,A { pedestrian : Adult } wearing a {dress : Light} dress trying to cross road from { direction : RL } at { distance : Long } distance on a day with fog density {fog_density : 0},Adult,Light,RL,Long,0,walker.pedestrian.0008,proportional_braking,yolov5s,66,True,13.665859770515091,18.66585977051509,54,6.923001897793153,75,0.1,7.5,termination condition on line 137,7.8483093786125915,7.287696965432626,False,74,0,0.7393635511398315,,,,,6.743714616105363,13,27.601112044868803,5.398081840118402,19,,35,100,6.22098511168121,34.55405154683138,30.790548255055647,307.84173676515144,2.9209266681246335,19,True,2.2,2.2,2026-10-01T07:33:49.077186+00:00
130e0c8b8b974f0eac6c4f7c76ee510f,25,0,A { pedestrian : Adult } wearing a {dress : Dark} dress trying to cross road from { direction : RL } at { distance : Long } distance on a day with fog density {fog_density : 0},Adult,Dark,RL,Long,0,walker.pedestrian.0007,proportional_braking,yolov5s,67,True,5.247544147854427,10.247544147854427,28,0.00016005090263553344,251,0.1,25.1,reached time limit (250 steps),7.710291776624857,9.562081948455155e-08,True,250,0,0.7727583646774292,,,,,9.86861801147461,21,16.02378011122484,7.710291776624857,229,,35,100,1.0617187023162842,34.40910374043272,51.22981781729585,511.85769167777454,0.923876169111613,26,False,,inf,2026-10-01T07:36:27.531211+00:00
130e0c8b8b974f0eac6c4f7c76ee510f,26,0,A { pedestrian : Child } wearing a {dress : Light} dress trying to cross road from { direction : RL } at { distance : Long } distance on a day with fog density {fog_density : 0},Child,Light,RL,Long,0,walker.pedestrian.0048,proportional_braking,yolov5s,68,True,12.655621592208991,17.65562159220899,23,0.0004846109422994666,251,0.1,25.1,reached time limit (250 steps),5.703865553551895,1.239978588728342e-07,True,250,0,0.6768380999565125,,,,,7.165029525756836,14,25.69031446920705,5.703865553551895,228,,35,100,2.0,34.80476740432045,44.30705164700474,443.063677285332,2.0764667793272182,23,True,1.0,1.0,2026-10-01T07:39:03.125158+00:00
130e0c8b8b974f0eac6c4f7c76ee510f,27,0,A { pedestrian : Child } wearing a {dress : Dark} dress trying to cross road from { direction : RL } at { distance : Long } distance on a day with fog density {fog_density : 0},Child,Dark,RL,Long,0,walker.pedestrian.0013,proportional_braking,yolov5s,69,True,4.347483872069217,9.347483872069217,32,4.121403485932078e-06,251,0.1,25.1,reached time limit (250 steps),7.848801097557182,2.6702976545115783e-07,True,250,0,0.7367640733718872,,,,,8.765750885009766,22,14.438319266424768,7.848801097557182,228,,35,100,0.8859374523162842,34.652709988661634,38.04982396502223,302.27343189954127,0.8292040998005464,27,False,,inf,2026-10-01T07:41:40.720660+00:00
130e0c8b8b974f0eac6c4f7c76ee510f,28,0,A { pedestrian : Adult } wearing a {dress : Light} dress trying to cross road from { direction : RL } at { distance : Long } distance on a day with fog density {fog_density : 50},Adult,Light,RL,Long,50,walker.pedestrian.0008,proportional_braking,yolov5s,70,True,14.5763774593971,19.5763774593971,32,1.335589563083904,114,0.1,11.4,termination condition on line 137,6.805158703587081,3.827445837418655,False,113,0,0.747569739818573,,,,,9.458444814766402,13,32.60286233969523,5.399088910863102,53,,35,100,2.0000013732903805,35.99805911788712,32.67400745383009,284.12197431914996,2.6784524080099863,33,True,2.5,2.5,2026-10-01T07:44:07.308476+00:00
130e0c8b8b974f0eac6c4f7c76ee510f,29,0,A { pedestrian : Adult } wearing a {dress : Dark} dress trying to cross road from { direction : RL } at { distance : Long } distance on a day with fog density {fog_density : 50},Adult,Dark,RL,Long,50,walker.pedestrian.0007,proportional_braking,yolov5s,71,True,15.922684307643816,20.922684307643816,21,1.9456331791369432,251,0.1,25.1,reached time limit (250 steps),6.895426392572956,7.630081066043217e-08,True,250,0,0.8188995122909546,,,,,6.955303192138672,18,22.93707979112214,6.895426392572956,232,,35,100,3.559155225753784,35.039622350432396,39.975088233886744,328.9995462348472,2.226385686770551,22,False,,inf,2026-10-01T07:46:41.131756+00:00
130e0c8b8b974f0eac6c4f7c76ee510f,30,0,A { pedestrian : Child } wearing a {dress : Light} dress trying to cross road from { direction : RL } at { distance : Long } distance on a day with fog density {fog_density : 50},Child,Light,RL,Long,50,walker.pedestrian.0048,proportional_braking,yolov5s,72,True,9.558581573642059,14.558581573642059,25,0.9538279809722872,68,0.1,6.800000000000001,termination condition on line 137,7.846243155847993,6.918723084797516,False,67,0,0.8082003593444824,,,,,6.848324590654515,20,19.476931267482154,7.443559509332671,16,,35,100,2.0,36.0793220800117,42.75435969699392,363.1241847109235,1.3516738886219468,26,True,1.5,1.5,2026-10-01T07:49:02.321213+00:00
130e0c8b8b974f0eac6c4f7c76ee510f,31,0,A { pedestrian : Child } wearing a {dress : Dark} dress trying to cross road from { direction : RL } at { distance : Long } distance on a day with fog density {fog_density : 50},Child,Dark,RL,Long,50,walker.pedestrian.0013,proportional_braking,yolov5s,73,False,-2.062151766694845,2.937848233305155,0,1.9600002765655518,24,0.1,2.4000000000000004,termination condition on line 137,7.838854327398442,7.838854327398442,False,23,0,0.0,,,,,7.074200588723888,,,,0,,35,100,2.0,3.0827076116270655,16.719752861475907,209.67357628458532,,,False,,0.0,2026-10-01T07:51:23.479976+00:00
130e0c8b8b974f0eac6c4f7c76ee510f,best_video,0,A { pedestrian : Child } wearing a {dress : Dark} dress trying to cross road from { direction : RL } at { distance : Short } distance on a day with fog density {fog_density : 0},Child,Dark,RL,Short,0,walker.pedestrian.0013,proportional_braking,,42,True,15.771737388563533,20.771737388563533,0,1.9600002765655518,251,0.1,25.1,reached time limit (250 steps),6.341916745656667,9.538410914004445e-09,True,250,0,0.4520913362503052,,,,,7.107556343078613,55,56.593325280074815,0.015130082622844071,140,,,,2.0000243209286213,20.85945844097656,59.91793280135539,597.8256521403345,,21,False,,inf,2026-10-01T07:53:59.732903+00:00
